Order_ID,Segment,Ship_Mode,Amount
CA-2011-103366,Consumer,First Class,149.95
CA-2011-109043,Consumer,First Class,243.6
CA-2011-113166,Consumer,First Class,9.568
CA-2011-124023,Consumer,First Class,8.96
CA-2011-130155,Consumer,First Class,34.2
CA-2011-136861,Consumer,First Class,31.984
CA-2011-153927,Consumer,First Class,286.65
CA-2011-157784,Consumer,First Class,514.03
CA-2011-160094,Consumer,First Class,1000.95
CA-2011-164749,Consumer,First Class,9.912
CA-2011-166730,Consumer,First Class,39.128
CA-2012-102722,Consumer,First Class,106.5
CA-2012-102778,Consumer,First Class,18.176
CA-2012-117828,Consumer,First Class,194.32
CA-2012-130218,Consumer,First Class,59.48
CA-2012-132318,Consumer,First Class,182.91
CA-2012-137974,Consumer,First Class,2298.9
CA-2012-138625,Consumer,First Class,197.72
CA-2012-141327,Consumer,First Class,440.144
CA-2012-149300,Consumer,First Class,32.985
CA-2012-150560,Consumer,First Class,196.62
CA-2012-165414,Consumer,First Class,47.976
CA-2013-102092,Consumer,First Class,1056.86
CA-2013-102498,Consumer,First Class,73.2
CA-2013-110492,Consumer,First Class,1366.04
CA-2013-119515,Consumer,First Class,15.552
CA-2013-119823,Consumer,First Class,75.88
CA-2013-124772,Consumer,First Class,191.82
CA-2013-125843,Consumer,First Class,125.92
CA-2013-130442,Consumer,First Class,34.944
CA-2013-133872,Consumer,First Class,58.4
CA-2013-145247,Consumer,First Class,79.14
CA-2013-145499,Consumer,First Class,3.282
CA-2013-147368,Consumer,First Class,695.7
CA-2013-157280,Consumer,First Class,1120.73
CA-2013-157364,Consumer,First Class,18.48
CA-2013-164784,Consumer,First Class,377.346
CA-2014-103212,Consumer,First Class,1541.51
CA-2014-105620,Consumer,First Class,141.0
CA-2014-108287,Consumer,First Class,12.672
CA-2014-109589,Consumer,First Class,71.0
CA-2014-110198,Consumer,First Class,318.96
CA-2014-112774,Consumer,First Class,34.504
CA-2014-115448,Consumer,First Class,88.92
CA-2014-121314,Consumer,First Class,251.64
CA-2014-121818,Consumer,First Class,52.696
CA-2014-122154,Consumer,First Class,284.19
CA-2014-122994,Consumer,First Class,359.97
CA-2014-125472,Consumer,First Class,253.86
CA-2014-126774,Consumer,First Class,4.89
CA-2014-133235,Consumer,First Class,271.96
CA-2014-138779,Consumer,First Class,29.664
CA-2014-143756,Consumer,First Class,701.96
CA-2014-151218,Consumer,First Class,4.464
CA-2014-156769,Consumer,First Class,54.66
CA-2014-158729,Consumer,First Class,1665.62
CA-2014-158967,Consumer,First Class,19.104
CA-2014-161053,Consumer,First Class,726.91
CA-2014-162635,Consumer,First Class,10.816
CA-2014-163335,Consumer,First Class,79.0
US-2011-130358,Consumer,First Class,23.12
US-2012-106495,Consumer,First Class,11.672
US-2013-106600,Consumer,First Class,354.9
US-2013-113649,Consumer,First Class,645.136
US-2013-116400,Consumer,First Class,39.92
US-2013-119298,Consumer,First Class,59.98
US-2013-131891,Consumer,First Class,2.214
US-2013-162677,Consumer,First Class,187.616
US-2013-167472,Consumer,First Class,678.87
US-2014-108063,Consumer,First Class,34.65
US-2014-133781,Consumer,First Class,37.608
US-2014-148831,Consumer,First Class,348.56
Grand Total,Consumer,First Class,20802.173
CA-2011-113047,Unnamed: 2,level_0_Same Day,11.85
CA-2011-116239,Unnamed: 2,level_0_Same Day,354.9
CA-2011-130428,Unnamed: 2,level_0_Same Day,1142.165
CA-2011-131541,Unnamed: 2,level_0_Same Day,193.152
CA-2011-142951,Unnamed: 2,level_0_Same Day,23.472
CA-2011-152254,Unnamed: 2,level_0_Same Day,310.688
CA-2012-117884,Unnamed: 2,level_0_Same Day,598.352
CA-2012-136224,Unnamed: 2,level_0_Same Day,10.272
CA-2012-155068,Unnamed: 2,level_0_Same Day,78.456
CA-2013-101378,Unnamed: 2,level_0_Same Day,29.0
CA-2013-105256,Unnamed: 2,level_0_Same Day,1363.96
CA-2013-106894,Unnamed: 2,level_0_Same Day,107.83
CA-2013-127698,Unnamed: 2,level_0_Same Day,863.928
CA-2013-143308,Unnamed: 2,level_0_Same Day,10.74
CA-2013-144344,Unnamed: 2,level_0_Same Day,314.393
CA-2013-152163,Unnamed: 2,level_0_Same Day,85.5
CA-2013-152471,Unnamed: 2,level_0_Same Day,839.944
CA-2013-159653,Unnamed: 2,level_0_Same Day,14.73
CA-2014-103065,Unnamed: 2,level_0_Same Day,59.824
CA-2014-122987,Unnamed: 2,level_0_Same Day,80.564
CA-2014-144498,Unnamed: 2,level_0_Same Day,817.829
CA-2014-158883,Unnamed: 2,level_0_Same Day,25.344
US-2011-114377,Unnamed: 2,level_0_Same Day,149.9
US-2013-134761,Unnamed: 2,level_0_Same Day,36.192
US-2013-148803,Unnamed: 2,level_0_Same Day,85.224
US-2013-156692,Unnamed: 2,level_0_Same Day,89.32
US-2014-120607,Unnamed: 2,level_0_Same Day,195.64
US-2014-152492,Unnamed: 2,level_0_Same Day,239.24
Grand Total,Unnamed: 2,level_0_Same Day,8132.409
CA-2011-100706,Unnamed: 3,level_0_Second Class,129.44
CA-2011-101266,Unnamed: 3,level_0_Second Class,13.36
CA-2011-109232,Unnamed: 3,level_0_Second Class,545.94
CA-2011-110422,Unnamed: 3,level_0_Second Class,25.248
CA-2011-115357,Unnamed: 3,level_0_Second Class,62.91
CA-2011-120768,Unnamed: 3,level_0_Second Class,1979.89
CA-2011-123925,Unnamed: 3,level_0_Second Class,40.05
CA-2011-124618,Unnamed: 3,level_0_Second Class,479.984
CA-2011-127488,Unnamed: 3,level_0_Second Class,4.608
CA-2011-130918,Unnamed: 3,level_0_Second Class,7.632
CA-2011-132612,Unnamed: 3,level_0_Second Class,1441.3
CA-2011-142727,Unnamed: 3,level_0_Second Class,69.9
CA-2011-145576,Unnamed: 3,level_0_Second Class,26.128
CA-2011-154158,Unnamed: 3,level_0_Second Class,619.848
CA-2011-155852,Unnamed: 3,level_0_Second Class,19.456
CA-2011-156006,Unnamed: 3,level_0_Second Class,47.79
CA-2011-156790,Unnamed: 3,level_0_Second Class,155.456
CA-2011-158470,Unnamed: 3,level_0_Second Class,129.33
CA-2011-166457,Unnamed: 3,level_0_Second Class,40.54
CA-2011-169775,Unnamed: 3,level_0_Second Class,709.0425
CA-2012-109386,Unnamed: 3,level_0_Second Class,750.93
CA-2012-110345,Unnamed: 3,level_0_Second Class,4.608
CA-2012-116638,Unnamed: 3,level_0_Second Class,4297.644
CA-2012-128027,Unnamed: 3,level_0_Second Class,269.49
CA-2012-134257,Unnamed: 3,level_0_Second Class,498.93
CA-2012-150749,Unnamed: 3,level_0_Second Class,5.56
CA-2012-153325,Unnamed: 3,level_0_Second Class,58.72
CA-2012-153752,Unnamed: 3,level_0_Second Class,173.94
CA-2012-155600,Unnamed: 3,level_0_Second Class,1635.018
CA-2012-169733,Unnamed: 3,level_0_Second Class,9.952
CA-2013-101525,Unnamed: 3,level_0_Second Class,140.52
CA-2013-109722,Unnamed: 3,level_0_Second Class,1284.8
CA-2013-113292,Unnamed: 3,level_0_Second Class,871.8
CA-2013-116918,Unnamed: 3,level_0_Second Class,36.364
CA-2013-120873,Unnamed: 3,level_0_Second Class,290.98
CA-2013-123176,Unnamed: 3,level_0_Second Class,31.83
CA-2013-131065,Unnamed: 3,level_0_Second Class,513.52
CA-2013-136231,Unnamed: 3,level_0_Second Class,228.586
CA-2013-137043,Unnamed: 3,level_0_Second Class,859.14
CA-2013-140543,Unnamed: 3,level_0_Second Class,191.88
CA-2013-141180,Unnamed: 3,level_0_Second Class,7.764
CA-2013-149783,Unnamed: 3,level_0_Second Class,131.104
CA-2013-149979,Unnamed: 3,level_0_Second Class,487.22
CA-2013-152156,Unnamed: 3,level_0_Second Class,993.9
CA-2013-154690,Unnamed: 3,level_0_Second Class,225.296
CA-2013-155670,Unnamed: 3,level_0_Second Class,21.504
CA-2013-158841,Unnamed: 3,level_0_Second Class,8805.04
CA-2013-159765,Unnamed: 3,level_0_Second Class,27.86
CA-2013-162355,Unnamed: 3,level_0_Second Class,1302.83
CA-2013-164735,Unnamed: 3,level_0_Second Class,81.2
CA-2013-168753,Unnamed: 3,level_0_Second Class,1002.7
CA-2013-168893,Unnamed: 3,level_0_Second Class,903.77
CA-2013-169334,Unnamed: 3,level_0_Second Class,111.672
CA-2014-101210,Unnamed: 3,level_0_Second Class,13.152
CA-2014-101273,Unnamed: 3,level_0_Second Class,14.336
CA-2014-101483,Unnamed: 3,level_0_Second Class,61.216
CA-2014-102309,Unnamed: 3,level_0_Second Class,212.91
CA-2014-107209,Unnamed: 3,level_0_Second Class,194.848
CA-2014-107461,Unnamed: 3,level_0_Second Class,23.88
CA-2014-113705,Unnamed: 3,level_0_Second Class,874.8
CA-2014-123239,Unnamed: 3,level_0_Second Class,91.032
CA-2014-127726,Unnamed: 3,level_0_Second Class,209.88
CA-2014-128629,Unnamed: 3,level_0_Second Class,18.84
CA-2014-128699,Unnamed: 3,level_0_Second Class,47.992
CA-2014-129021,Unnamed: 3,level_0_Second Class,4590.344
CA-2014-129462,Unnamed: 3,level_0_Second Class,740.59
CA-2014-130834,Unnamed: 3,level_0_Second Class,16.272
CA-2014-139353,Unnamed: 3,level_0_Second Class,273.088
CA-2014-140088,Unnamed: 3,level_0_Second Class,301.96
CA-2014-144694,Unnamed: 3,level_0_Second Class,253.824
CA-2014-145310,Unnamed: 3,level_0_Second Class,7.824
CA-2014-146458,Unnamed: 3,level_0_Second Class,22.96
CA-2014-155159,Unnamed: 3,level_0_Second Class,48.87
CA-2014-155705,Unnamed: 3,level_0_Second Class,866.4
CA-2014-160458,Unnamed: 3,level_0_Second Class,25.92
CA-2014-161200,Unnamed: 3,level_0_Second Class,161.14
CA-2014-163321,Unnamed: 3,level_0_Second Class,79.992
CA-2014-163510,Unnamed: 3,level_0_Second Class,400.39
CA-2014-165204,Unnamed: 3,level_0_Second Class,728.968
CA-2014-167941,Unnamed: 3,level_0_Second Class,831.368
US-2011-102715,Unnamed: 3,level_0_Second Class,737.2
US-2011-117135,Unnamed: 3,level_0_Second Class,425.67
US-2012-136749,Unnamed: 3,level_0_Second Class,433.78
US-2012-151435,Unnamed: 3,level_0_Second Class,85.98
US-2013-120929,Unnamed: 3,level_0_Second Class,189.882
US-2013-142251,Unnamed: 3,level_0_Second Class,32.064
US-2014-135062,Unnamed: 3,level_0_Second Class,229.544
US-2014-153633,Unnamed: 3,level_0_Second Class,2.064
US-2014-158526,Unnamed: 3,level_0_Second Class,1814.68
US-2014-163195,Unnamed: 3,level_0_Second Class,29.16
US-2014-167920,Unnamed: 3,level_0_Second Class,1827.51
Grand Total,Unnamed: 3,level_0_Second Class,49724.2545
CA-2011-100895,Unnamed: 4,level_0_Standard Class,605.47
CA-2011-104283,Unnamed: 4,level_0_Standard Class,616.14
CA-2011-107573,Unnamed: 4,level_0_Standard Class,23.472
CA-2011-110100,Unnamed: 4,level_0_Standard Class,302.376
CA-2011-114335,Unnamed: 4,level_0_Standard Class,337.088
CA-2011-116190,Unnamed: 4,level_0_Standard Class,256.48
CA-2011-116407,Unnamed: 4,level_0_Standard Class,362.176
CA-2011-116568,Unnamed: 4,level_0_Standard Class,186.304
CA-2011-117016,Unnamed: 4,level_0_Standard Class,15.552
CA-2011-120950,Unnamed: 4,level_0_Standard Class,43.68
CA-2011-123400,Unnamed: 4,level_0_Standard Class,199.296
CA-2011-127299,Unnamed: 4,level_0_Standard Class,2692.329
CA-2011-127614,Unnamed: 4,level_0_Standard Class,1508.13
CA-2011-128839,Unnamed: 4,level_0_Standard Class,254.97
CA-2011-131527,Unnamed: 4,level_0_Standard Class,95.968
CA-2011-134551,Unnamed: 4,level_0_Standard Class,732.312
CA-2011-138296,Unnamed: 4,level_0_Standard Class,24.56
CA-2011-138709,Unnamed: 4,level_0_Standard Class,37.44
CA-2011-140886,Unnamed: 4,level_0_Standard Class,69.216
CA-2011-143182,Unnamed: 4,level_0_Standard Class,15.384
CA-2011-143840,Unnamed: 4,level_0_Standard Class,180.93
CA-2011-146731,Unnamed: 4,level_0_Standard Class,147.344
CA-2011-149958,Unnamed: 4,level_0_Standard Class,370.782
CA-2011-152268,Unnamed: 4,level_0_Standard Class,1793.98
CA-2011-155390,Unnamed: 4,level_0_Standard Class,42.208
CA-2011-159184,Unnamed: 4,level_0_Standard Class,149.56
CA-2011-159681,Unnamed: 4,level_0_Standard Class,105.52
CA-2011-161634,Unnamed: 4,level_0_Standard Class,32.4
CA-2011-163013,Unnamed: 4,level_0_Standard Class,14.67
CA-2011-164315,Unnamed: 4,level_0_Standard Class,1220.67
CA-2011-165764,Unnamed: 4,level_0_Standard Class,1395.673
CA-2011-166051,Unnamed: 4,level_0_Standard Class,773.7
CA-2011-169257,Unnamed: 4,level_0_Standard Class,63.381
CA-2012-100888,Unnamed: 4,level_0_Standard Class,47.952
CA-2012-101868,Unnamed: 4,level_0_Standard Class,175.32
CA-2012-102491,Unnamed: 4,level_0_Standard Class,3747.93
CA-2012-102582,Unnamed: 4,level_0_Standard Class,1918.79
CA-2012-103093,Unnamed: 4,level_0_Standard Class,74.52
CA-2012-104115,Unnamed: 4,level_0_Standard Class,55.984
CA-2012-107678,Unnamed: 4,level_0_Standard Class,893.09
CA-2012-108119,Unnamed: 4,level_0_Standard Class,301.96
CA-2012-110247,Unnamed: 4,level_0_Standard Class,8.226
CA-2012-111199,Unnamed: 4,level_0_Standard Class,115.296
CA-2012-111703,Unnamed: 4,level_0_Standard Class,27.504
CA-2012-112375,Unnamed: 4,level_0_Standard Class,78.192
CA-2012-114300,Unnamed: 4,level_0_Standard Class,371.66
CA-2012-114503,Unnamed: 4,level_0_Standard Class,84.96
CA-2012-115938,Unnamed: 4,level_0_Standard Class,535.36
CA-2012-118444,Unnamed: 4,level_0_Standard Class,387.136
CA-2012-118843,Unnamed: 4,level_0_Standard Class,199.86
CA-2012-119480,Unnamed: 4,level_0_Standard Class,364.07
CA-2012-119634,Unnamed: 4,level_0_Standard Class,46.152
CA-2012-120516,Unnamed: 4,level_0_Standard Class,5.64
CA-2012-120621,Unnamed: 4,level_0_Standard Class,1270.379
CA-2012-122266,Unnamed: 4,level_0_Standard Class,194.1395
CA-2012-123092,Unnamed: 4,level_0_Standard Class,288.85
CA-2012-123330,Unnamed: 4,level_0_Standard Class,107.976
CA-2012-125563,Unnamed: 4,level_0_Standard Class,121.888
CA-2012-125976,Unnamed: 4,level_0_Standard Class,2026.78
CA-2012-128139,Unnamed: 4,level_0_Standard Class,365.91
CA-2012-129098,Unnamed: 4,level_0_Standard Class,30.84
CA-2012-133242,Unnamed: 4,level_0_Standard Class,1046.47
CA-2012-134719,Unnamed: 4,level_0_Standard Class,1801.632
CA-2012-134782,Unnamed: 4,level_0_Standard Class,105.42
CA-2012-134894,Unnamed: 4,level_0_Standard Class,436.86
CA-2012-136147,Unnamed: 4,level_0_Standard Class,233.064
CA-2012-138457,Unnamed: 4,level_0_Standard Class,13.092
CA-2012-141145,Unnamed: 4,level_0_Standard Class,87.168
CA-2012-141565,Unnamed: 4,level_0_Standard Class,1664.132
CA-2012-142755,Unnamed: 4,level_0_Standard Class,919.49
CA-2012-143119,Unnamed: 4,level_0_Standard Class,517.5
CA-2012-143532,Unnamed: 4,level_0_Standard Class,14.496
CA-2012-144288,Unnamed: 4,level_0_Standard Class,19.584
CA-2012-145352,Unnamed: 4,level_0_Standard Class,6412.77
CA-2012-147879,Unnamed: 4,level_0_Standard Class,45.68
CA-2012-148705,Unnamed: 4,level_0_Standard Class,5.04
CA-2012-151547,Unnamed: 4,level_0_Standard Class,88.96
CA-2012-153535,Unnamed: 4,level_0_Standard Class,169.544
CA-2012-153626,Unnamed: 4,level_0_Standard Class,5.16
CA-2012-155635,Unnamed: 4,level_0_Standard Class,48.81
CA-2012-156328,Unnamed: 4,level_0_Standard Class,177.48
CA-2012-158148,Unnamed: 4,level_0_Standard Class,36.27
CA-2012-158421,Unnamed: 4,level_0_Standard Class,3631.96
CA-2012-162537,Unnamed: 4,level_0_Standard Class,104.51
CA-2012-162761,Unnamed: 4,level_0_Standard Class,50.462
CA-2012-163965,Unnamed: 4,level_0_Standard Class,377.902
CA-2012-165624,Unnamed: 4,level_0_Standard Class,1142.43
CA-2012-167696,Unnamed: 4,level_0_Standard Class,31.12
CA-2012-168459,Unnamed: 4,level_0_Standard Class,58.05
CA-2012-169740,Unnamed: 4,level_0_Standard Class,29.99
CA-2013-101469,Unnamed: 4,level_0_Standard Class,7.7
CA-2013-102162,Unnamed: 4,level_0_Standard Class,1611.01
CA-2013-104157,Unnamed: 4,level_0_Standard Class,2503.47
CA-2013-104276,Unnamed: 4,level_0_Standard Class,447.783
CA-2013-106950,Unnamed: 4,level_0_Standard Class,1854.241
CA-2013-108105,Unnamed: 4,level_0_Standard Class,323.88
CA-2013-108567,Unnamed: 4,level_0_Standard Class,2.694
CA-2013-108616,Unnamed: 4,level_0_Standard Class,298.83
CA-2013-111409,Unnamed: 4,level_0_Standard Class,3.0
CA-2013-111605,Unnamed: 4,level_0_Standard Class,2.61
CA-2013-112102,Unnamed: 4,level_0_Standard Class,448.81
CA-2013-113733,Unnamed: 4,level_0_Standard Class,334.256
CA-2013-113747,Unnamed: 4,level_0_Standard Class,185.88
CA-2013-116232,Unnamed: 4,level_0_Standard Class,24.066
CA-2013-117604,Unnamed: 4,level_0_Standard Class,239.5
CA-2013-118514,Unnamed: 4,level_0_Standard Class,866.4
CA-2013-118626,Unnamed: 4,level_0_Standard Class,705.544
CA-2013-121958,Unnamed: 4,level_0_Standard Class,52.136
CA-2013-131205,Unnamed: 4,level_0_Standard Class,291.74
CA-2013-132549,Unnamed: 4,level_0_Standard Class,73.36
CA-2013-133123,Unnamed: 4,level_0_Standard Class,99.156
CA-2013-133368,Unnamed: 4,level_0_Standard Class,405.344
CA-2013-134208,Unnamed: 4,level_0_Standard Class,396.0
CA-2013-135636,Unnamed: 4,level_0_Standard Class,387.72
CA-2013-136483,Unnamed: 4,level_0_Standard Class,4.704
CA-2013-137736,Unnamed: 4,level_0_Standard Class,41.86
CA-2013-139381,Unnamed: 4,level_0_Standard Class,233.48
CA-2013-140641,Unnamed: 4,level_0_Standard Class,38.19
CA-2013-142370,Unnamed: 4,level_0_Standard Class,254.99
CA-2013-142895,Unnamed: 4,level_0_Standard Class,370.184
CA-2013-145905,Unnamed: 4,level_0_Standard Class,1264.14
CA-2013-146143,Unnamed: 4,level_0_Standard Class,133.38
CA-2013-146150,Unnamed: 4,level_0_Standard Class,264.18
CA-2013-148684,Unnamed: 4,level_0_Standard Class,870.04
CA-2013-150000,Unnamed: 4,level_0_Standard Class,17.92
CA-2013-154060,Unnamed: 4,level_0_Standard Class,187.056
CA-2013-155138,Unnamed: 4,level_0_Standard Class,99.872
CA-2013-156503,Unnamed: 4,level_0_Standard Class,305.248
CA-2013-156573,Unnamed: 4,level_0_Standard Class,60.485
CA-2013-157245,Unnamed: 4,level_0_Standard Class,641.96
CA-2013-157588,Unnamed: 4,level_0_Standard Class,88.15
CA-2013-159989,Unnamed: 4,level_0_Standard Class,40.68
CA-2013-160234,Unnamed: 4,level_0_Standard Class,135.95
CA-2013-160486,Unnamed: 4,level_0_Standard Class,72.224
CA-2013-163174,Unnamed: 4,level_0_Standard Class,186.54
CA-2013-163776,Unnamed: 4,level_0_Standard Class,1110.5
CA-2013-164574,Unnamed: 4,level_0_Standard Class,732.156
CA-2013-166282,Unnamed: 4,level_0_Standard Class,158.256
CA-2013-166485,Unnamed: 4,level_0_Standard Class,16.496
CA-2013-168536,Unnamed: 4,level_0_Standard Class,66.3
CA-2013-169103,Unnamed: 4,level_0_Standard Class,1466.32
CA-2014-100426,Unnamed: 4,level_0_Standard Class,12.48
CA-2014-100622,Unnamed: 4,level_0_Standard Class,1030.742
CA-2014-100902,Unnamed: 4,level_0_Standard Class,699.4
CA-2014-101042,Unnamed: 4,level_0_Standard Class,843.84
CA-2014-102204,Unnamed: 4,level_0_Standard Class,3740.51
CA-2014-102610,Unnamed: 4,level_0_Standard Class,248.396
CA-2014-102736,Unnamed: 4,level_0_Standard Class,177.08
CA-2014-103499,Unnamed: 4,level_0_Standard Class,209.568
CA-2014-104731,Unnamed: 4,level_0_Standard Class,951.98
CA-2014-106537,Unnamed: 4,level_0_Standard Class,20.736
CA-2014-108035,Unnamed: 4,level_0_Standard Class,491.888
CA-2014-108112,Unnamed: 4,level_0_Standard Class,559.2
CA-2014-109183,Unnamed: 4,level_0_Standard Class,649.0
CA-2014-110926,Unnamed: 4,level_0_Standard Class,25.06
CA-2014-114412,Unnamed: 4,level_0_Standard Class,15.552
CA-2014-114636,Unnamed: 4,level_0_Standard Class,192.16
CA-2014-116855,Unnamed: 4,level_0_Standard Class,504.9
CA-2014-116939,Unnamed: 4,level_0_Standard Class,177.55
CA-2014-117079,Unnamed: 4,level_0_Standard Class,863.88
CA-2014-117198,Unnamed: 4,level_0_Standard Class,659.9
CA-2014-118402,Unnamed: 4,level_0_Standard Class,243.92
CA-2014-119004,Unnamed: 4,level_0_Standard Class,105.408
CA-2014-119305,Unnamed: 4,level_0_Standard Class,173.8
CA-2014-119669,Unnamed: 4,level_0_Standard Class,5.67
CA-2014-120894,Unnamed: 4,level_0_Standard Class,28.08
CA-2014-121804,Unnamed: 4,level_0_Standard Class,72.8
CA-2014-122056,Unnamed: 4,level_0_Standard Class,181.86
CA-2014-123351,Unnamed: 4,level_0_Standard Class,80.48
CA-2014-124296,Unnamed: 4,level_0_Standard Class,712.85
CA-2014-124765,Unnamed: 4,level_0_Standard Class,723.92
CA-2014-126354,Unnamed: 4,level_0_Standard Class,119.178
CA-2014-126914,Unnamed: 4,level_0_Standard Class,776.08
CA-2014-127306,Unnamed: 4,level_0_Standard Class,175.086
CA-2014-128363,Unnamed: 4,level_0_Standard Class,2382.926
CA-2014-128755,Unnamed: 4,level_0_Standard Class,629.86
CA-2014-130309,Unnamed: 4,level_0_Standard Class,544.38
CA-2014-130904,Unnamed: 4,level_0_Standard Class,22.744
CA-2014-132185,Unnamed: 4,level_0_Standard Class,52.344
CA-2014-133501,Unnamed: 4,level_0_Standard Class,5.184
CA-2014-133641,Unnamed: 4,level_0_Standard Class,48.69
CA-2014-133928,Unnamed: 4,level_0_Standard Class,4.572
CA-2014-135587,Unnamed: 4,level_0_Standard Class,372.64
CA-2014-137631,Unnamed: 4,level_0_Standard Class,751.984
CA-2014-138975,Unnamed: 4,level_0_Standard Class,2361.52
CA-2014-139493,Unnamed: 4,level_0_Standard Class,15.92
CA-2014-139948,Unnamed: 4,level_0_Standard Class,7.904
CA-2014-140627,Unnamed: 4,level_0_Standard Class,303.32
CA-2014-140872,Unnamed: 4,level_0_Standard Class,1111.698
CA-2014-142090,Unnamed: 4,level_0_Standard Class,2165.658
CA-2014-143861,Unnamed: 4,level_0_Standard Class,17.088
CA-2014-144365,Unnamed: 4,level_0_Standard Class,11.68
CA-2014-145275,Unnamed: 4,level_0_Standard Class,14.94
CA-2014-145737,Unnamed: 4,level_0_Standard Class,163.96
CA-2014-146136,Unnamed: 4,level_0_Standard Class,24.448
CA-2014-146192,Unnamed: 4,level_0_Standard Class,675.06
CA-2014-146983,Unnamed: 4,level_0_Standard Class,1577.94
CA-2014-147228,Unnamed: 4,level_0_Standard Class,458.984
CA-2014-148999,Unnamed: 4,level_0_Standard Class,419.136
CA-2014-149853,Unnamed: 4,level_0_Standard Class,33.472
CA-2014-150910,Unnamed: 4,level_0_Standard Class,1090.348
CA-2014-152786,Unnamed: 4,level_0_Standard Class,40.41
CA-2014-152968,Unnamed: 4,level_0_Standard Class,23.08
CA-2014-154088,Unnamed: 4,level_0_Standard Class,26.72
CA-2014-158386,Unnamed: 4,level_0_Standard Class,124.75
CA-2014-158743,Unnamed: 4,level_0_Standard Class,199.17
CA-2014-159954,Unnamed: 4,level_0_Standard Class,2.78
CA-2014-161970,Unnamed: 4,level_0_Standard Class,30.9
CA-2014-162173,Unnamed: 4,level_0_Standard Class,608.43
CA-2014-165687,Unnamed: 4,level_0_Standard Class,35.04
CA-2014-165715,Unnamed: 4,level_0_Standard Class,32.776
CA-2014-167871,Unnamed: 4,level_0_Standard Class,47.328
CA-2014-169005,Unnamed: 4,level_0_Standard Class,5.56
US-2011-115196,Unnamed: 4,level_0_Standard Class,1299.99
US-2011-117170,Unnamed: 4,level_0_Standard Class,52.608
US-2011-147627,Unnamed: 4,level_0_Standard Class,1859.4
US-2011-150574,Unnamed: 4,level_0_Standard Class,252.612
US-2011-155544,Unnamed: 4,level_0_Standard Class,310.528
US-2011-156559,Unnamed: 4,level_0_Standard Class,638.82
US-2011-158057,Unnamed: 4,level_0_Standard Class,59.109
US-2011-165659,Unnamed: 4,level_0_Standard Class,904.13
US-2011-167633,Unnamed: 4,level_0_Standard Class,15.552
US-2012-108966,Unnamed: 4,level_0_Standard Class,979.9455
US-2012-120572,Unnamed: 4,level_0_Standard Class,12.828
US-2012-123960,Unnamed: 4,level_0_Standard Class,207.82
US-2012-129553,Unnamed: 4,level_0_Standard Class,29.97
US-2012-134026,Unnamed: 4,level_0_Standard Class,1001.76
US-2012-145436,Unnamed: 4,level_0_Standard Class,551.264
US-2012-164357,Unnamed: 4,level_0_Standard Class,13.12
US-2012-168732,Unnamed: 4,level_0_Standard Class,129.64
US-2012-168935,Unnamed: 4,level_0_Standard Class,459.4335
US-2013-121013,Unnamed: 4,level_0_Standard Class,1678.0
US-2013-132857,Unnamed: 4,level_0_Standard Class,6.672
US-2013-135923,Unnamed: 4,level_0_Standard Class,530.272
US-2013-137295,Unnamed: 4,level_0_Standard Class,187.228
US-2013-147991,Unnamed: 4,level_0_Standard Class,16.72
US-2013-164588,Unnamed: 4,level_0_Standard Class,12.84
US-2013-169369,Unnamed: 4,level_0_Standard Class,299.07
US-2014-102904,Unnamed: 4,level_0_Standard Class,239.92
US-2014-105935,Unnamed: 4,level_0_Standard Class,3002.65
US-2014-117450,Unnamed: 4,level_0_Standard Class,107.552
US-2014-126179,Unnamed: 4,level_0_Standard Class,311.96
US-2014-134642,Unnamed: 4,level_0_Standard Class,428.704
US-2014-135986,Unnamed: 4,level_0_Standard Class,536.36
US-2014-136189,Unnamed: 4,level_0_Standard Class,82.38
US-2014-146822,Unnamed: 4,level_0_Standard Class,49.12
US-2014-146878,Unnamed: 4,level_0_Standard Class,12.294
US-2014-149510,Unnamed: 4,level_0_Standard Class,98.446
US-2014-152842,Unnamed: 4,level_0_Standard Class,242.352
US-2014-152898,Unnamed: 4,level_0_Standard Class,67.9
US-2014-165953,Unnamed: 4,level_0_Standard Class,71.096
US-2014-166233,Unnamed: 4,level_0_Standard Class,24.0
US-2014-168690,Unnamed: 4,level_0_Standard Class,2.808
Grand Total,Unnamed: 4,level_0_Standard Class,116922.1345
CA-2011-100706,Consumer Total,Unnamed: 5_level_1,129.44
CA-2011-100895,Consumer Total,Unnamed: 5_level_1,605.47
CA-2011-101266,Consumer Total,Unnamed: 5_level_1,13.36
CA-2011-103366,Consumer Total,Unnamed: 5_level_1,149.95
CA-2011-104283,Consumer Total,Unnamed: 5_level_1,616.14
CA-2011-107573,Consumer Total,Unnamed: 5_level_1,23.472
CA-2011-109043,Consumer Total,Unnamed: 5_level_1,243.6
CA-2011-109232,Consumer Total,Unnamed: 5_level_1,545.94
CA-2011-110100,Consumer Total,Unnamed: 5_level_1,302.376
CA-2011-110422,Consumer Total,Unnamed: 5_level_1,25.248
CA-2011-113047,Consumer Total,Unnamed: 5_level_1,11.85
CA-2011-113166,Consumer Total,Unnamed: 5_level_1,9.568
CA-2011-114335,Consumer Total,Unnamed: 5_level_1,337.088
CA-2011-115357,Consumer Total,Unnamed: 5_level_1,62.91
CA-2011-116190,Consumer Total,Unnamed: 5_level_1,256.48
CA-2011-116239,Consumer Total,Unnamed: 5_level_1,354.9
CA-2011-116407,Consumer Total,Unnamed: 5_level_1,362.176
CA-2011-116568,Consumer Total,Unnamed: 5_level_1,186.304
CA-2011-117016,Consumer Total,Unnamed: 5_level_1,15.552
CA-2011-120768,Consumer Total,Unnamed: 5_level_1,1979.89
CA-2011-120950,Consumer Total,Unnamed: 5_level_1,43.68
CA-2011-123400,Consumer Total,Unnamed: 5_level_1,199.296
CA-2011-123925,Consumer Total,Unnamed: 5_level_1,40.05
CA-2011-124023,Consumer Total,Unnamed: 5_level_1,8.96
CA-2011-124618,Consumer Total,Unnamed: 5_level_1,479.984
CA-2011-127299,Consumer Total,Unnamed: 5_level_1,2692.329
CA-2011-127488,Consumer Total,Unnamed: 5_level_1,4.608
CA-2011-127614,Consumer Total,Unnamed: 5_level_1,1508.13
CA-2011-128839,Consumer Total,Unnamed: 5_level_1,254.97
CA-2011-130155,Consumer Total,Unnamed: 5_level_1,34.2
CA-2011-130428,Consumer Total,Unnamed: 5_level_1,1142.165
CA-2011-130918,Consumer Total,Unnamed: 5_level_1,7.632
CA-2011-131527,Consumer Total,Unnamed: 5_level_1,95.968
CA-2011-131541,Consumer Total,Unnamed: 5_level_1,193.152
CA-2011-132612,Consumer Total,Unnamed: 5_level_1,1441.3
CA-2011-134551,Consumer Total,Unnamed: 5_level_1,732.312
CA-2011-136861,Consumer Total,Unnamed: 5_level_1,31.984
CA-2011-138296,Consumer Total,Unnamed: 5_level_1,24.56
CA-2011-138709,Consumer Total,Unnamed: 5_level_1,37.44
CA-2011-140886,Consumer Total,Unnamed: 5_level_1,69.216
CA-2011-142727,Consumer Total,Unnamed: 5_level_1,69.9
CA-2011-142951,Consumer Total,Unnamed: 5_level_1,23.472
CA-2011-143182,Consumer Total,Unnamed: 5_level_1,15.384
CA-2011-143840,Consumer Total,Unnamed: 5_level_1,180.93
CA-2011-145576,Consumer Total,Unnamed: 5_level_1,26.128
CA-2011-146731,Consumer Total,Unnamed: 5_level_1,147.344
CA-2011-149958,Consumer Total,Unnamed: 5_level_1,370.782
CA-2011-152254,Consumer Total,Unnamed: 5_level_1,310.688
CA-2011-152268,Consumer Total,Unnamed: 5_level_1,1793.98
CA-2011-153927,Consumer Total,Unnamed: 5_level_1,286.65
CA-2011-154158,Consumer Total,Unnamed: 5_level_1,619.848
CA-2011-155390,Consumer Total,Unnamed: 5_level_1,42.208
CA-2011-155852,Consumer Total,Unnamed: 5_level_1,19.456
CA-2011-156006,Consumer Total,Unnamed: 5_level_1,47.79
CA-2011-156790,Consumer Total,Unnamed: 5_level_1,155.456
CA-2011-157784,Consumer Total,Unnamed: 5_level_1,514.03
CA-2011-158470,Consumer Total,Unnamed: 5_level_1,129.33
CA-2011-159184,Consumer Total,Unnamed: 5_level_1,149.56
CA-2011-159681,Consumer Total,Unnamed: 5_level_1,105.52
CA-2011-160094,Consumer Total,Unnamed: 5_level_1,1000.95
CA-2011-161634,Consumer Total,Unnamed: 5_level_1,32.4
CA-2011-163013,Consumer Total,Unnamed: 5_level_1,14.67
CA-2011-164315,Consumer Total,Unnamed: 5_level_1,1220.67
CA-2011-164749,Consumer Total,Unnamed: 5_level_1,9.912
CA-2011-165764,Consumer Total,Unnamed: 5_level_1,1395.673
CA-2011-166051,Consumer Total,Unnamed: 5_level_1,773.7
CA-2011-166457,Consumer Total,Unnamed: 5_level_1,40.54
CA-2011-166730,Consumer Total,Unnamed: 5_level_1,39.128
CA-2011-169257,Consumer Total,Unnamed: 5_level_1,63.381
CA-2011-169775,Consumer Total,Unnamed: 5_level_1,709.0425
CA-2012-100888,Consumer Total,Unnamed: 5_level_1,47.952
CA-2012-101868,Consumer Total,Unnamed: 5_level_1,175.32
CA-2012-102491,Consumer Total,Unnamed: 5_level_1,3747.93
CA-2012-102582,Consumer Total,Unnamed: 5_level_1,1918.79
CA-2012-102722,Consumer Total,Unnamed: 5_level_1,106.5
CA-2012-102778,Consumer Total,Unnamed: 5_level_1,18.176
CA-2012-103093,Consumer Total,Unnamed: 5_level_1,74.52
CA-2012-104115,Consumer Total,Unnamed: 5_level_1,55.984
CA-2012-107678,Consumer Total,Unnamed: 5_level_1,893.09
CA-2012-108119,Consumer Total,Unnamed: 5_level_1,301.96
CA-2012-109386,Consumer Total,Unnamed: 5_level_1,750.93
CA-2012-110247,Consumer Total,Unnamed: 5_level_1,8.226
CA-2012-110345,Consumer Total,Unnamed: 5_level_1,4.608
CA-2012-111199,Consumer Total,Unnamed: 5_level_1,115.296
CA-2012-111703,Consumer Total,Unnamed: 5_level_1,27.504
CA-2012-112375,Consumer Total,Unnamed: 5_level_1,78.192
CA-2012-114300,Consumer Total,Unnamed: 5_level_1,371.66
CA-2012-114503,Consumer Total,Unnamed: 5_level_1,84.96
CA-2012-115938,Consumer Total,Unnamed: 5_level_1,535.36
CA-2012-116638,Consumer Total,Unnamed: 5_level_1,4297.644
CA-2012-117828,Consumer Total,Unnamed: 5_level_1,194.32
CA-2012-117884,Consumer Total,Unnamed: 5_level_1,598.352
CA-2012-118444,Consumer Total,Unnamed: 5_level_1,387.136
CA-2012-118843,Consumer Total,Unnamed: 5_level_1,199.86
CA-2012-119480,Consumer Total,Unnamed: 5_level_1,364.07
CA-2012-119634,Consumer Total,Unnamed: 5_level_1,46.152
CA-2012-120516,Consumer Total,Unnamed: 5_level_1,5.64
CA-2012-120621,Consumer Total,Unnamed: 5_level_1,1270.379
CA-2012-122266,Consumer Total,Unnamed: 5_level_1,194.1395
CA-2012-123092,Consumer Total,Unnamed: 5_level_1,288.85
CA-2012-123330,Consumer Total,Unnamed: 5_level_1,107.976
CA-2012-125563,Consumer Total,Unnamed: 5_level_1,121.888
CA-2012-125976,Consumer Total,Unnamed: 5_level_1,2026.78
CA-2012-128027,Consumer Total,Unnamed: 5_level_1,269.49
CA-2012-128139,Consumer Total,Unnamed: 5_level_1,365.91
CA-2012-129098,Consumer Total,Unnamed: 5_level_1,30.84
CA-2012-130218,Consumer Total,Unnamed: 5_level_1,59.48
CA-2012-132318,Consumer Total,Unnamed: 5_level_1,182.91
CA-2012-133242,Consumer Total,Unnamed: 5_level_1,1046.47
CA-2012-134257,Consumer Total,Unnamed: 5_level_1,498.93
CA-2012-134719,Consumer Total,Unnamed: 5_level_1,1801.632
CA-2012-134782,Consumer Total,Unnamed: 5_level_1,105.42
CA-2012-134894,Consumer Total,Unnamed: 5_level_1,436.86
CA-2012-136147,Consumer Total,Unnamed: 5_level_1,233.064
CA-2012-136224,Consumer Total,Unnamed: 5_level_1,10.272
CA-2012-137974,Consumer Total,Unnamed: 5_level_1,2298.9
CA-2012-138457,Consumer Total,Unnamed: 5_level_1,13.092
CA-2012-138625,Consumer Total,Unnamed: 5_level_1,197.72
CA-2012-141145,Consumer Total,Unnamed: 5_level_1,87.168
CA-2012-141327,Consumer Total,Unnamed: 5_level_1,440.144
CA-2012-141565,Consumer Total,Unnamed: 5_level_1,1664.132
CA-2012-142755,Consumer Total,Unnamed: 5_level_1,919.49
CA-2012-143119,Consumer Total,Unnamed: 5_level_1,517.5
CA-2012-143532,Consumer Total,Unnamed: 5_level_1,14.496
CA-2012-144288,Consumer Total,Unnamed: 5_level_1,19.584
CA-2012-145352,Consumer Total,Unnamed: 5_level_1,6412.77
CA-2012-147879,Consumer Total,Unnamed: 5_level_1,45.68
CA-2012-148705,Consumer Total,Unnamed: 5_level_1,5.04
CA-2012-149300,Consumer Total,Unnamed: 5_level_1,32.985
CA-2012-150560,Consumer Total,Unnamed: 5_level_1,196.62
CA-2012-150749,Consumer Total,Unnamed: 5_level_1,5.56
CA-2012-151547,Consumer Total,Unnamed: 5_level_1,88.96
CA-2012-153325,Consumer Total,Unnamed: 5_level_1,58.72
CA-2012-153535,Consumer Total,Unnamed: 5_level_1,169.544
CA-2012-153626,Consumer Total,Unnamed: 5_level_1,5.16
CA-2012-153752,Consumer Total,Unnamed: 5_level_1,173.94
CA-2012-155068,Consumer Total,Unnamed: 5_level_1,78.456
CA-2012-155600,Consumer Total,Unnamed: 5_level_1,1635.018
CA-2012-155635,Consumer Total,Unnamed: 5_level_1,48.81
CA-2012-156328,Consumer Total,Unnamed: 5_level_1,177.48
CA-2012-158148,Consumer Total,Unnamed: 5_level_1,36.27
CA-2012-158421,Consumer Total,Unnamed: 5_level_1,3631.96
CA-2012-162537,Consumer Total,Unnamed: 5_level_1,104.51
CA-2012-162761,Consumer Total,Unnamed: 5_level_1,50.462
CA-2012-163965,Consumer Total,Unnamed: 5_level_1,377.902
CA-2012-165414,Consumer Total,Unnamed: 5_level_1,47.976
CA-2012-165624,Consumer Total,Unnamed: 5_level_1,1142.43
CA-2012-167696,Consumer Total,Unnamed: 5_level_1,31.12
CA-2012-168459,Consumer Total,Unnamed: 5_level_1,58.05
CA-2012-169733,Consumer Total,Unnamed: 5_level_1,9.952
CA-2012-169740,Consumer Total,Unnamed: 5_level_1,29.99
CA-2013-101378,Consumer Total,Unnamed: 5_level_1,29.0
CA-2013-101469,Consumer Total,Unnamed: 5_level_1,7.7
CA-2013-101525,Consumer Total,Unnamed: 5_level_1,140.52
CA-2013-102092,Consumer Total,Unnamed: 5_level_1,1056.86
CA-2013-102162,Consumer Total,Unnamed: 5_level_1,1611.01
CA-2013-102498,Consumer Total,Unnamed: 5_level_1,73.2
CA-2013-104157,Consumer Total,Unnamed: 5_level_1,2503.47
CA-2013-104276,Consumer Total,Unnamed: 5_level_1,447.783
CA-2013-105256,Consumer Total,Unnamed: 5_level_1,1363.96
CA-2013-106894,Consumer Total,Unnamed: 5_level_1,107.83
CA-2013-106950,Consumer Total,Unnamed: 5_level_1,1854.241
CA-2013-108105,Consumer Total,Unnamed: 5_level_1,323.88
CA-2013-108567,Consumer Total,Unnamed: 5_level_1,2.694
CA-2013-108616,Consumer Total,Unnamed: 5_level_1,298.83
CA-2013-109722,Consumer Total,Unnamed: 5_level_1,1284.8
CA-2013-110492,Consumer Total,Unnamed: 5_level_1,1366.04
CA-2013-111409,Consumer Total,Unnamed: 5_level_1,3.0
CA-2013-111605,Consumer Total,Unnamed: 5_level_1,2.61
CA-2013-112102,Consumer Total,Unnamed: 5_level_1,448.81
CA-2013-113292,Consumer Total,Unnamed: 5_level_1,871.8
CA-2013-113733,Consumer Total,Unnamed: 5_level_1,334.256
CA-2013-113747,Consumer Total,Unnamed: 5_level_1,185.88
CA-2013-116232,Consumer Total,Unnamed: 5_level_1,24.066
CA-2013-116918,Consumer Total,Unnamed: 5_level_1,36.364
CA-2013-117604,Consumer Total,Unnamed: 5_level_1,239.5
CA-2013-118514,Consumer Total,Unnamed: 5_level_1,866.4
CA-2013-118626,Consumer Total,Unnamed: 5_level_1,705.544
CA-2013-119515,Consumer Total,Unnamed: 5_level_1,15.552
CA-2013-119823,Consumer Total,Unnamed: 5_level_1,75.88
CA-2013-120873,Consumer Total,Unnamed: 5_level_1,290.98
CA-2013-121958,Consumer Total,Unnamed: 5_level_1,52.136
CA-2013-123176,Consumer Total,Unnamed: 5_level_1,31.83
CA-2013-124772,Consumer Total,Unnamed: 5_level_1,191.82
CA-2013-125843,Consumer Total,Unnamed: 5_level_1,125.92
CA-2013-127698,Consumer Total,Unnamed: 5_level_1,863.928
CA-2013-130442,Consumer Total,Unnamed: 5_level_1,34.944
CA-2013-131065,Consumer Total,Unnamed: 5_level_1,513.52
CA-2013-131205,Consumer Total,Unnamed: 5_level_1,291.74
CA-2013-132549,Consumer Total,Unnamed: 5_level_1,73.36
CA-2013-133123,Consumer Total,Unnamed: 5_level_1,99.156
CA-2013-133368,Consumer Total,Unnamed: 5_level_1,405.344
CA-2013-133872,Consumer Total,Unnamed: 5_level_1,58.4
CA-2013-134208,Consumer Total,Unnamed: 5_level_1,396.0
CA-2013-135636,Consumer Total,Unnamed: 5_level_1,387.72
CA-2013-136231,Consumer Total,Unnamed: 5_level_1,228.586
CA-2013-136483,Consumer Total,Unnamed: 5_level_1,4.704
CA-2013-137043,Consumer Total,Unnamed: 5_level_1,859.14
CA-2013-137736,Consumer Total,Unnamed: 5_level_1,41.86
CA-2013-139381,Consumer Total,Unnamed: 5_level_1,233.48
CA-2013-140543,Consumer Total,Unnamed: 5_level_1,191.88
CA-2013-140641,Consumer Total,Unnamed: 5_level_1,38.19
CA-2013-141180,Consumer Total,Unnamed: 5_level_1,7.764
CA-2013-142370,Consumer Total,Unnamed: 5_level_1,254.99
CA-2013-142895,Consumer Total,Unnamed: 5_level_1,370.184
CA-2013-143308,Consumer Total,Unnamed: 5_level_1,10.74
CA-2013-144344,Consumer Total,Unnamed: 5_level_1,314.393
CA-2013-145247,Consumer Total,Unnamed: 5_level_1,79.14
CA-2013-145499,Consumer Total,Unnamed: 5_level_1,3.282
CA-2013-145905,Consumer Total,Unnamed: 5_level_1,1264.14
CA-2013-146143,Consumer Total,Unnamed: 5_level_1,133.38
CA-2013-146150,Consumer Total,Unnamed: 5_level_1,264.18
CA-2013-147368,Consumer Total,Unnamed: 5_level_1,695.7
CA-2013-148684,Consumer Total,Unnamed: 5_level_1,870.04
CA-2013-149783,Consumer Total,Unnamed: 5_level_1,131.104
CA-2013-149979,Consumer Total,Unnamed: 5_level_1,487.22
CA-2013-150000,Consumer Total,Unnamed: 5_level_1,17.92
CA-2013-152156,Consumer Total,Unnamed: 5_level_1,993.9
CA-2013-152163,Consumer Total,Unnamed: 5_level_1,85.5
CA-2013-152471,Consumer Total,Unnamed: 5_level_1,839.944
CA-2013-154060,Consumer Total,Unnamed: 5_level_1,187.056
CA-2013-154690,Consumer Total,Unnamed: 5_level_1,225.296
CA-2013-155138,Consumer Total,Unnamed: 5_level_1,99.872
CA-2013-155670,Consumer Total,Unnamed: 5_level_1,21.504
CA-2013-156503,Consumer Total,Unnamed: 5_level_1,305.248
CA-2013-156573,Consumer Total,Unnamed: 5_level_1,60.485
CA-2013-157245,Consumer Total,Unnamed: 5_level_1,641.96
CA-2013-157280,Consumer Total,Unnamed: 5_level_1,1120.73
CA-2013-157364,Consumer Total,Unnamed: 5_level_1,18.48
CA-2013-157588,Consumer Total,Unnamed: 5_level_1,88.15
CA-2013-158841,Consumer Total,Unnamed: 5_level_1,8805.04
CA-2013-159653,Consumer Total,Unnamed: 5_level_1,14.73
CA-2013-159765,Consumer Total,Unnamed: 5_level_1,27.86
CA-2013-159989,Consumer Total,Unnamed: 5_level_1,40.68
CA-2013-160234,Consumer Total,Unnamed: 5_level_1,135.95
CA-2013-160486,Consumer Total,Unnamed: 5_level_1,72.224
CA-2013-162355,Consumer Total,Unnamed: 5_level_1,1302.83
CA-2013-163174,Consumer Total,Unnamed: 5_level_1,186.54
CA-2013-163776,Consumer Total,Unnamed: 5_level_1,1110.5
CA-2013-164574,Consumer Total,Unnamed: 5_level_1,732.156
CA-2013-164735,Consumer Total,Unnamed: 5_level_1,81.2
CA-2013-164784,Consumer Total,Unnamed: 5_level_1,377.346
CA-2013-166282,Consumer Total,Unnamed: 5_level_1,158.256
CA-2013-166485,Consumer Total,Unnamed: 5_level_1,16.496
CA-2013-168536,Consumer Total,Unnamed: 5_level_1,66.3
CA-2013-168753,Consumer Total,Unnamed: 5_level_1,1002.7
CA-2013-168893,Consumer Total,Unnamed: 5_level_1,903.77
CA-2013-169103,Consumer Total,Unnamed: 5_level_1,1466.32
CA-2013-169334,Consumer Total,Unnamed: 5_level_1,111.672
CA-2014-100426,Consumer Total,Unnamed: 5_level_1,12.48
CA-2014-100622,Consumer Total,Unnamed: 5_level_1,1030.742
CA-2014-100902,Consumer Total,Unnamed: 5_level_1,699.4
CA-2014-101042,Consumer Total,Unnamed: 5_level_1,843.84
CA-2014-101210,Consumer Total,Unnamed: 5_level_1,13.152
CA-2014-101273,Consumer Total,Unnamed: 5_level_1,14.336
CA-2014-101483,Consumer Total,Unnamed: 5_level_1,61.216
CA-2014-102204,Consumer Total,Unnamed: 5_level_1,3740.51
CA-2014-102309,Consumer Total,Unnamed: 5_level_1,212.91
CA-2014-102610,Consumer Total,Unnamed: 5_level_1,248.396
CA-2014-102736,Consumer Total,Unnamed: 5_level_1,177.08
CA-2014-103065,Consumer Total,Unnamed: 5_level_1,59.824
CA-2014-103212,Consumer Total,Unnamed: 5_level_1,1541.51
CA-2014-103499,Consumer Total,Unnamed: 5_level_1,209.568
CA-2014-104731,Consumer Total,Unnamed: 5_level_1,951.98
CA-2014-105620,Consumer Total,Unnamed: 5_level_1,141.0
CA-2014-106537,Consumer Total,Unnamed: 5_level_1,20.736
CA-2014-107209,Consumer Total,Unnamed: 5_level_1,194.848
CA-2014-107461,Consumer Total,Unnamed: 5_level_1,23.88
CA-2014-108035,Consumer Total,Unnamed: 5_level_1,491.888
CA-2014-108112,Consumer Total,Unnamed: 5_level_1,559.2
CA-2014-108287,Consumer Total,Unnamed: 5_level_1,12.672
CA-2014-109183,Consumer Total,Unnamed: 5_level_1,649.0
CA-2014-109589,Consumer Total,Unnamed: 5_level_1,71.0
CA-2014-110198,Consumer Total,Unnamed: 5_level_1,318.96
CA-2014-110926,Consumer Total,Unnamed: 5_level_1,25.06
CA-2014-112774,Consumer Total,Unnamed: 5_level_1,34.504
CA-2014-113705,Consumer Total,Unnamed: 5_level_1,874.8
CA-2014-114412,Consumer Total,Unnamed: 5_level_1,15.552
CA-2014-114636,Consumer Total,Unnamed: 5_level_1,192.16
CA-2014-115448,Consumer Total,Unnamed: 5_level_1,88.92
CA-2014-116855,Consumer Total,Unnamed: 5_level_1,504.9
CA-2014-116939,Consumer Total,Unnamed: 5_level_1,177.55
CA-2014-117079,Consumer Total,Unnamed: 5_level_1,863.88
CA-2014-117198,Consumer Total,Unnamed: 5_level_1,659.9
CA-2014-118402,Consumer Total,Unnamed: 5_level_1,243.92
CA-2014-119004,Consumer Total,Unnamed: 5_level_1,105.408
CA-2014-119305,Consumer Total,Unnamed: 5_level_1,173.8
CA-2014-119669,Consumer Total,Unnamed: 5_level_1,5.67
CA-2014-120894,Consumer Total,Unnamed: 5_level_1,28.08
CA-2014-121314,Consumer Total,Unnamed: 5_level_1,251.64
CA-2014-121804,Consumer Total,Unnamed: 5_level_1,72.8
CA-2014-121818,Consumer Total,Unnamed: 5_level_1,52.696
CA-2014-122056,Consumer Total,Unnamed: 5_level_1,181.86
CA-2014-122154,Consumer Total,Unnamed: 5_level_1,284.19
CA-2014-122987,Consumer Total,Unnamed: 5_level_1,80.564
CA-2014-122994,Consumer Total,Unnamed: 5_level_1,359.97
CA-2014-123239,Consumer Total,Unnamed: 5_level_1,91.032
CA-2014-123351,Consumer Total,Unnamed: 5_level_1,80.48
CA-2014-124296,Consumer Total,Unnamed: 5_level_1,712.85
CA-2014-124765,Consumer Total,Unnamed: 5_level_1,723.92
CA-2014-125472,Consumer Total,Unnamed: 5_level_1,253.86
CA-2014-126354,Consumer Total,Unnamed: 5_level_1,119.178
CA-2014-126774,Consumer Total,Unnamed: 5_level_1,4.89
CA-2014-126914,Consumer Total,Unnamed: 5_level_1,776.08
CA-2014-127306,Consumer Total,Unnamed: 5_level_1,175.086
CA-2014-127726,Consumer Total,Unnamed: 5_level_1,209.88
CA-2014-128363,Consumer Total,Unnamed: 5_level_1,2382.926
CA-2014-128629,Consumer Total,Unnamed: 5_level_1,18.84
CA-2014-128699,Consumer Total,Unnamed: 5_level_1,47.992
CA-2014-128755,Consumer Total,Unnamed: 5_level_1,629.86
CA-2014-129021,Consumer Total,Unnamed: 5_level_1,4590.344
CA-2014-129462,Consumer Total,Unnamed: 5_level_1,740.59
CA-2014-130309,Consumer Total,Unnamed: 5_level_1,544.38
CA-2014-130834,Consumer Total,Unnamed: 5_level_1,16.272
CA-2014-130904,Consumer Total,Unnamed: 5_level_1,22.744
CA-2014-132185,Consumer Total,Unnamed: 5_level_1,52.344
CA-2014-133235,Consumer Total,Unnamed: 5_level_1,271.96
CA-2014-133501,Consumer Total,Unnamed: 5_level_1,5.184
CA-2014-133641,Consumer Total,Unnamed: 5_level_1,48.69
CA-2014-133928,Consumer Total,Unnamed: 5_level_1,4.572
CA-2014-135587,Consumer Total,Unnamed: 5_level_1,372.64
CA-2014-137631,Consumer Total,Unnamed: 5_level_1,751.984
CA-2014-138779,Consumer Total,Unnamed: 5_level_1,29.664
CA-2014-138975,Consumer Total,Unnamed: 5_level_1,2361.52
CA-2014-139353,Consumer Total,Unnamed: 5_level_1,273.088
CA-2014-139493,Consumer Total,Unnamed: 5_level_1,15.92
CA-2014-139948,Consumer Total,Unnamed: 5_level_1,7.904
CA-2014-140088,Consumer Total,Unnamed: 5_level_1,301.96
CA-2014-140627,Consumer Total,Unnamed: 5_level_1,303.32
CA-2014-140872,Consumer Total,Unnamed: 5_level_1,1111.698
CA-2014-142090,Consumer Total,Unnamed: 5_level_1,2165.658
CA-2014-143756,Consumer Total,Unnamed: 5_level_1,701.96
CA-2014-143861,Consumer Total,Unnamed: 5_level_1,17.088
CA-2014-144365,Consumer Total,Unnamed: 5_level_1,11.68
CA-2014-144498,Consumer Total,Unnamed: 5_level_1,817.829
CA-2014-144694,Consumer Total,Unnamed: 5_level_1,253.824
CA-2014-145275,Consumer Total,Unnamed: 5_level_1,14.94
CA-2014-145310,Consumer Total,Unnamed: 5_level_1,7.824
CA-2014-145737,Consumer Total,Unnamed: 5_level_1,163.96
CA-2014-146136,Consumer Total,Unnamed: 5_level_1,24.448
CA-2014-146192,Consumer Total,Unnamed: 5_level_1,675.06
CA-2014-146458,Consumer Total,Unnamed: 5_level_1,22.96
CA-2014-146983,Consumer Total,Unnamed: 5_level_1,1577.94
CA-2014-147228,Consumer Total,Unnamed: 5_level_1,458.984
CA-2014-148999,Consumer Total,Unnamed: 5_level_1,419.136
CA-2014-149853,Consumer Total,Unnamed: 5_level_1,33.472
CA-2014-150910,Consumer Total,Unnamed: 5_level_1,1090.348
CA-2014-151218,Consumer Total,Unnamed: 5_level_1,4.464
CA-2014-152786,Consumer Total,Unnamed: 5_level_1,40.41
CA-2014-152968,Consumer Total,Unnamed: 5_level_1,23.08
CA-2014-154088,Consumer Total,Unnamed: 5_level_1,26.72
CA-2014-155159,Consumer Total,Unnamed: 5_level_1,48.87
CA-2014-155705,Consumer Total,Unnamed: 5_level_1,866.4
CA-2014-156769,Consumer Total,Unnamed: 5_level_1,54.66
CA-2014-158386,Consumer Total,Unnamed: 5_level_1,124.75
CA-2014-158729,Consumer Total,Unnamed: 5_level_1,1665.62
CA-2014-158743,Consumer Total,Unnamed: 5_level_1,199.17
CA-2014-158883,Consumer Total,Unnamed: 5_level_1,25.344
CA-2014-158967,Consumer Total,Unnamed: 5_level_1,19.104
CA-2014-159954,Consumer Total,Unnamed: 5_level_1,2.78
CA-2014-160458,Consumer Total,Unnamed: 5_level_1,25.92
CA-2014-161053,Consumer Total,Unnamed: 5_level_1,726.91
CA-2014-161200,Consumer Total,Unnamed: 5_level_1,161.14
CA-2014-161970,Consumer Total,Unnamed: 5_level_1,30.9
CA-2014-162173,Consumer Total,Unnamed: 5_level_1,608.43
CA-2014-162635,Consumer Total,Unnamed: 5_level_1,10.816
CA-2014-163321,Consumer Total,Unnamed: 5_level_1,79.992
CA-2014-163335,Consumer Total,Unnamed: 5_level_1,79.0
CA-2014-163510,Consumer Total,Unnamed: 5_level_1,400.39
CA-2014-165204,Consumer Total,Unnamed: 5_level_1,728.968
CA-2014-165687,Consumer Total,Unnamed: 5_level_1,35.04
CA-2014-165715,Consumer Total,Unnamed: 5_level_1,32.776
CA-2014-167871,Consumer Total,Unnamed: 5_level_1,47.328
CA-2014-167941,Consumer Total,Unnamed: 5_level_1,831.368
CA-2014-169005,Consumer Total,Unnamed: 5_level_1,5.56
US-2011-102715,Consumer Total,Unnamed: 5_level_1,737.2
US-2011-114377,Consumer Total,Unnamed: 5_level_1,149.9
US-2011-115196,Consumer Total,Unnamed: 5_level_1,1299.99
US-2011-117135,Consumer Total,Unnamed: 5_level_1,425.67
US-2011-117170,Consumer Total,Unnamed: 5_level_1,52.608
US-2011-130358,Consumer Total,Unnamed: 5_level_1,23.12
US-2011-147627,Consumer Total,Unnamed: 5_level_1,1859.4
US-2011-150574,Consumer Total,Unnamed: 5_level_1,252.612
US-2011-155544,Consumer Total,Unnamed: 5_level_1,310.528
US-2011-156559,Consumer Total,Unnamed: 5_level_1,638.82
US-2011-158057,Consumer Total,Unnamed: 5_level_1,59.109
US-2011-165659,Consumer Total,Unnamed: 5_level_1,904.13
US-2011-167633,Consumer Total,Unnamed: 5_level_1,15.552
US-2012-106495,Consumer Total,Unnamed: 5_level_1,11.672
US-2012-108966,Consumer Total,Unnamed: 5_level_1,979.9455
US-2012-120572,Consumer Total,Unnamed: 5_level_1,12.828
US-2012-123960,Consumer Total,Unnamed: 5_level_1,207.82
US-2012-129553,Consumer Total,Unnamed: 5_level_1,29.97
US-2012-134026,Consumer Total,Unnamed: 5_level_1,1001.76
US-2012-136749,Consumer Total,Unnamed: 5_level_1,433.78
US-2012-145436,Consumer Total,Unnamed: 5_level_1,551.264
US-2012-151435,Consumer Total,Unnamed: 5_level_1,85.98
US-2012-164357,Consumer Total,Unnamed: 5_level_1,13.12
US-2012-168732,Consumer Total,Unnamed: 5_level_1,129.64
US-2012-168935,Consumer Total,Unnamed: 5_level_1,459.4335
US-2013-106600,Consumer Total,Unnamed: 5_level_1,354.9
US-2013-113649,Consumer Total,Unnamed: 5_level_1,645.136
US-2013-116400,Consumer Total,Unnamed: 5_level_1,39.92
US-2013-119298,Consumer Total,Unnamed: 5_level_1,59.98
US-2013-120929,Consumer Total,Unnamed: 5_level_1,189.882
US-2013-121013,Consumer Total,Unnamed: 5_level_1,1678.0
US-2013-131891,Consumer Total,Unnamed: 5_level_1,2.214
US-2013-132857,Consumer Total,Unnamed: 5_level_1,6.672
US-2013-134761,Consumer Total,Unnamed: 5_level_1,36.192
US-2013-135923,Consumer Total,Unnamed: 5_level_1,530.272
US-2013-137295,Consumer Total,Unnamed: 5_level_1,187.228
US-2013-142251,Consumer Total,Unnamed: 5_level_1,32.064
US-2013-147991,Consumer Total,Unnamed: 5_level_1,16.72
US-2013-148803,Consumer Total,Unnamed: 5_level_1,85.224
US-2013-156692,Consumer Total,Unnamed: 5_level_1,89.32
US-2013-162677,Consumer Total,Unnamed: 5_level_1,187.616
US-2013-164588,Consumer Total,Unnamed: 5_level_1,12.84
US-2013-167472,Consumer Total,Unnamed: 5_level_1,678.87
US-2013-169369,Consumer Total,Unnamed: 5_level_1,299.07
US-2014-102904,Consumer Total,Unnamed: 5_level_1,239.92
US-2014-105935,Consumer Total,Unnamed: 5_level_1,3002.65
US-2014-108063,Consumer Total,Unnamed: 5_level_1,34.65
US-2014-117450,Consumer Total,Unnamed: 5_level_1,107.552
US-2014-120607,Consumer Total,Unnamed: 5_level_1,195.64
US-2014-126179,Consumer Total,Unnamed: 5_level_1,311.96
US-2014-133781,Consumer Total,Unnamed: 5_level_1,37.608
US-2014-134642,Consumer Total,Unnamed: 5_level_1,428.704
US-2014-135062,Consumer Total,Unnamed: 5_level_1,229.544
US-2014-135986,Consumer Total,Unnamed: 5_level_1,536.36
US-2014-136189,Consumer Total,Unnamed: 5_level_1,82.38
US-2014-146822,Consumer Total,Unnamed: 5_level_1,49.12
US-2014-146878,Consumer Total,Unnamed: 5_level_1,12.294
US-2014-148831,Consumer Total,Unnamed: 5_level_1,348.56
US-2014-149510,Consumer Total,Unnamed: 5_level_1,98.446
US-2014-152492,Consumer Total,Unnamed: 5_level_1,239.24
US-2014-152842,Consumer Total,Unnamed: 5_level_1,242.352
US-2014-152898,Consumer Total,Unnamed: 5_level_1,67.9
US-2014-153633,Consumer Total,Unnamed: 5_level_1,2.064
US-2014-158526,Consumer Total,Unnamed: 5_level_1,1814.68
US-2014-163195,Consumer Total,Unnamed: 5_level_1,29.16
US-2014-165953,Consumer Total,Unnamed: 5_level_1,71.096
US-2014-166233,Consumer Total,Unnamed: 5_level_1,24.0
US-2014-167920,Consumer Total,Unnamed: 5_level_1,1827.51
US-2014-168690,Consumer Total,Unnamed: 5_level_1,2.808
Grand Total,Consumer Total,Unnamed: 5_level_1,195580.971
CA-2011-103317,Corporate,First Class,242.546
CA-2011-103989,Corporate,First Class,590.762
CA-2011-106054,Corporate,First Class,12.78
CA-2011-111934,Corporate,First Class,47.32
CA-2011-124688,Corporate,First Class,1812.01
CA-2011-125682,Corporate,First Class,9.96
CA-2011-131905,Corporate,First Class,321.56
CA-2011-163293,Corporate,First Class,116.85
CA-2011-169684,Corporate,First Class,426.942
CA-2012-104038,Corporate,First Class,176.63
CA-2012-121720,Corporate,First Class,3165.744
CA-2012-133396,Corporate,First Class,64.68
CA-2012-140718,Corporate,First Class,246.364
CA-2012-154746,Corporate,First Class,860.07
CA-2012-156734,Corporate,First Class,670.001
CA-2012-158323,Corporate,First Class,17.088
CA-2013-112676,Corporate,First Class,14.352
CA-2013-127208,Corporate,First Class,224.9
CA-2013-133711,Corporate,First Class,3236.41
CA-2013-153318,Corporate,First Class,783.96
CA-2013-160598,Corporate,First Class,31.008
CA-2013-162901,Corporate,First Class,31.4
CA-2014-113481,Corporate,First Class,740.214
CA-2014-115882,Corporate,First Class,1017.136
CA-2014-117695,Corporate,First Class,13.76
CA-2014-122707,Corporate,First Class,503.22
CA-2014-123687,Corporate,First Class,234.2
CA-2014-124828,Corporate,First Class,9.552
CA-2014-129028,Corporate,First Class,127.95
CA-2014-134810,Corporate,First Class,272.232
CA-2014-147760,Corporate,First Class,1883.724
CA-2014-155698,Corporate,First Class,668.54
CA-2014-159464,Corporate,First Class,524.85
CA-2014-161851,Corporate,First Class,15.57
US-2012-131842,Corporate,First Class,97.424
US-2013-101616,Corporate,First Class,87.28
US-2013-140809,Corporate,First Class,56.45
US-2013-153815,Corporate,First Class,368.432
US-2014-128951,Corporate,First Class,1065.84
US-2014-162208,Corporate,First Class,2.896
Grand Total,Corporate,First Class,20792.607
CA-2011-158771,Unnamed: 7,level_0_Same Day,158.71
CA-2013-130820,Unnamed: 7,level_0_Same Day,630.024
CA-2014-161046,Unnamed: 7,level_0_Same Day,839.25
US-2012-130519,Unnamed: 7,level_0_Same Day,111.904
US-2014-168116,Unnamed: 7,level_0_Same Day,8167.42
Grand Total,Unnamed: 7,level_0_Same Day,9907.308
CA-2011-101560,Unnamed: 8,level_0_Second Class,542.34
CA-2011-102988,Unnamed: 8,level_0_Second Class,4251.92
CA-2011-110408,Unnamed: 8,level_0_Second Class,2216.8
CA-2011-114790,Unnamed: 8,level_0_Second Class,782.63
CA-2011-120432,Unnamed: 8,level_0_Second Class,25.5
CA-2011-121286,Unnamed: 8,level_0_Second Class,66.616
CA-2011-129819,Unnamed: 8,level_0_Second Class,12.39
CA-2011-153913,Unnamed: 8,level_0_Second Class,1015.816
CA-2011-162775,Unnamed: 8,level_0_Second Class,1287.26
CA-2011-164910,Unnamed: 8,level_0_Second Class,7.872
CA-2012-109470,Unnamed: 8,level_0_Second Class,596.48
CA-2012-109708,Unnamed: 8,level_0_Second Class,467.04
CA-2012-116750,Unnamed: 8,level_0_Second Class,12.158
CA-2012-119592,Unnamed: 8,level_0_Second Class,3.76
CA-2012-142202,Unnamed: 8,level_0_Second Class,717.12
CA-2012-161445,Unnamed: 8,level_0_Second Class,140.736
CA-2012-163237,Unnamed: 8,level_0_Second Class,520.03
CA-2012-166604,Unnamed: 8,level_0_Second Class,17.94
CA-2012-168004,Unnamed: 8,level_0_Second Class,392.94
CA-2012-169677,Unnamed: 8,level_0_Second Class,9.82
CA-2013-109407,Unnamed: 8,level_0_Second Class,31.36
CA-2013-112697,Unnamed: 8,level_0_Second Class,1410.066
CA-2013-113236,Unnamed: 8,level_0_Second Class,232.624
CA-2013-122518,Unnamed: 8,level_0_Second Class,10.08
CA-2013-134474,Unnamed: 8,level_0_Second Class,255.904
CA-2013-143805,Unnamed: 8,level_0_Second Class,2145.25
CA-2013-157161,Unnamed: 8,level_0_Second Class,199.18
CA-2013-162236,Unnamed: 8,level_0_Second Class,1106.924
CA-2013-162747,Unnamed: 8,level_0_Second Class,86.45
CA-2013-163167,Unnamed: 8,level_0_Second Class,2673.69
CA-2014-103009,Unnamed: 8,level_0_Second Class,26.4
CA-2014-104864,Unnamed: 8,level_0_Second Class,552.856
CA-2014-115070,Unnamed: 8,level_0_Second Class,16.739
CA-2014-116113,Unnamed: 8,level_0_Second Class,10.16
CA-2014-122693,Unnamed: 8,level_0_Second Class,1245.86
CA-2014-128300,Unnamed: 8,level_0_Second Class,406.94
CA-2014-133263,Unnamed: 8,level_0_Second Class,3098.61
CA-2014-134495,Unnamed: 8,level_0_Second Class,269.4
CA-2014-134649,Unnamed: 8,level_0_Second Class,22.63
CA-2014-143567,Unnamed: 8,level_0_Second Class,3291.07
CA-2014-145702,Unnamed: 8,level_0_Second Class,342.24
CA-2014-153339,Unnamed: 8,level_0_Second Class,15.992
CA-2014-153654,Unnamed: 8,level_0_Second Class,19.008
CA-2014-158561,Unnamed: 8,level_0_Second Class,1158.12
US-2012-140851,Unnamed: 8,level_0_Second Class,38.88
US-2012-149629,Unnamed: 8,level_0_Second Class,231.92
US-2013-138408,Unnamed: 8,level_0_Second Class,1319.96
US-2013-161844,Unnamed: 8,level_0_Second Class,82.92
US-2014-109610,Unnamed: 8,level_0_Second Class,701.96
US-2014-162670,Unnamed: 8,level_0_Second Class,1152.87
Grand Total,Unnamed: 8,level_0_Second Class,35243.231
CA-2011-100916,Unnamed: 9,level_0_Standard Class,788.86
CA-2011-101770,Unnamed: 9,level_0_Standard Class,1.869
CA-2011-102274,Unnamed: 9,level_0_Standard Class,865.5
CA-2011-102673,Unnamed: 9,level_0_Standard Class,1044.44
CA-2011-103807,Unnamed: 9,level_0_Standard Class,21.19
CA-2011-106810,Unnamed: 9,level_0_Standard Class,310.88
CA-2011-107811,Unnamed: 9,level_0_Standard Class,661.504
CA-2011-111500,Unnamed: 9,level_0_Standard Class,484.79
CA-2011-112718,Unnamed: 9,level_0_Standard Class,1.167
CA-2011-114314,Unnamed: 9,level_0_Standard Class,16.23
CA-2011-114321,Unnamed: 9,level_0_Standard Class,1417.35
CA-2011-115084,Unnamed: 9,level_0_Standard Class,605.34
CA-2011-117345,Unnamed: 9,level_0_Standard Class,202.896
CA-2011-117639,Unnamed: 9,level_0_Standard Class,3333.9
CA-2011-125136,Unnamed: 9,level_0_Standard Class,106.944
CA-2011-128846,Unnamed: 9,level_0_Standard Class,752.92
CA-2011-129091,Unnamed: 9,level_0_Standard Class,1022.61
CA-2011-136336,Unnamed: 9,level_0_Standard Class,828.84
CA-2011-137911,Unnamed: 9,level_0_Standard Class,88.768
CA-2011-138527,Unnamed: 9,level_0_Standard Class,192.424
CA-2011-146885,Unnamed: 9,level_0_Standard Class,13.62
CA-2011-148425,Unnamed: 9,level_0_Standard Class,6.642
CA-2011-149020,Unnamed: 9,level_0_Standard Class,54.83
CA-2011-149538,Unnamed: 9,level_0_Standard Class,364.93
CA-2011-151953,Unnamed: 9,level_0_Standard Class,2.816
CA-2011-151967,Unnamed: 9,level_0_Standard Class,129.92
CA-2011-152562,Unnamed: 9,level_0_Standard Class,75.16
CA-2011-152849,Unnamed: 9,level_0_Standard Class,4.368
CA-2011-153087,Unnamed: 9,level_0_Standard Class,521.92
CA-2011-155208,Unnamed: 9,level_0_Standard Class,39.072
CA-2011-160276,Unnamed: 9,level_0_Standard Class,177.68
CA-2011-160773,Unnamed: 9,level_0_Standard Class,581.104
CA-2011-163223,Unnamed: 9,level_0_Standard Class,3769.56
CA-2011-167850,Unnamed: 9,level_0_Standard Class,193.936
CA-2012-103793,Unnamed: 9,level_0_Standard Class,74.352
CA-2012-103870,Unnamed: 9,level_0_Standard Class,284.44
CA-2012-104241,Unnamed: 9,level_0_Standard Class,192.22
CA-2012-104941,Unnamed: 9,level_0_Standard Class,976.29
CA-2012-105571,Unnamed: 9,level_0_Standard Class,1361.631
CA-2012-106187,Unnamed: 9,level_0_Standard Class,268.4
CA-2012-108259,Unnamed: 9,level_0_Standard Class,81.135
CA-2012-113628,Unnamed: 9,level_0_Standard Class,792.508
CA-2012-120845,Unnamed: 9,level_0_Standard Class,22.549
CA-2012-121552,Unnamed: 9,level_0_Standard Class,19.56
CA-2012-122168,Unnamed: 9,level_0_Standard Class,53.28
CA-2012-125066,Unnamed: 9,level_0_Standard Class,62.46
CA-2012-128083,Unnamed: 9,level_0_Standard Class,45.976
CA-2012-131422,Unnamed: 9,level_0_Standard Class,207.0
CA-2012-137106,Unnamed: 9,level_0_Standard Class,79.96
CA-2012-137281,Unnamed: 9,level_0_Standard Class,6.48
CA-2012-147011,Unnamed: 9,level_0_Standard Class,13.632
CA-2012-147102,Unnamed: 9,level_0_Standard Class,66.36
CA-2012-147529,Unnamed: 9,level_0_Standard Class,324.11
CA-2012-149342,Unnamed: 9,level_0_Standard Class,896.31
CA-2012-149734,Unnamed: 9,level_0_Standard Class,200.984
CA-2012-150308,Unnamed: 9,level_0_Standard Class,246.168
CA-2012-151624,Unnamed: 9,level_0_Standard Class,21.36
CA-2012-153038,Unnamed: 9,level_0_Standard Class,94.688
CA-2012-154291,Unnamed: 9,level_0_Standard Class,457.04
CA-2012-154921,Unnamed: 9,level_0_Standard Class,186.69
CA-2012-155453,Unnamed: 9,level_0_Standard Class,4.608
CA-2012-160696,Unnamed: 9,level_0_Standard Class,7.24
CA-2012-161998,Unnamed: 9,level_0_Standard Class,277.632
CA-2012-162201,Unnamed: 9,level_0_Standard Class,937.608
CA-2012-164427,Unnamed: 9,level_0_Standard Class,239.7
CA-2012-166975,Unnamed: 9,level_0_Standard Class,692.472
CA-2012-169572,Unnamed: 9,level_0_Standard Class,46.62
CA-2013-106558,Unnamed: 9,level_0_Standard Class,316.0
CA-2013-109743,Unnamed: 9,level_0_Standard Class,104.712
CA-2013-109911,Unnamed: 9,level_0_Standard Class,10.96
CA-2013-112277,Unnamed: 9,level_0_Standard Class,519.68
CA-2013-113831,Unnamed: 9,level_0_Standard Class,4317.3
CA-2013-113845,Unnamed: 9,level_0_Standard Class,574.056
CA-2013-114713,Unnamed: 9,level_0_Standard Class,45.584
CA-2013-115504,Unnamed: 9,level_0_Standard Class,12.96
CA-2013-116764,Unnamed: 9,level_0_Standard Class,9.216
CA-2013-118073,Unnamed: 9,level_0_Standard Class,562.2925
CA-2013-118178,Unnamed: 9,level_0_Standard Class,31.086
CA-2013-119074,Unnamed: 9,level_0_Standard Class,92.7
CA-2013-123617,Unnamed: 9,level_0_Standard Class,7.434
CA-2013-123946,Unnamed: 9,level_0_Standard Class,1159.06
CA-2013-124254,Unnamed: 9,level_0_Standard Class,191.808
CA-2013-125017,Unnamed: 9,level_0_Standard Class,132.224
CA-2013-130001,Unnamed: 9,level_0_Standard Class,36.24
CA-2013-134516,Unnamed: 9,level_0_Standard Class,115.48
CA-2013-138695,Unnamed: 9,level_0_Standard Class,452.464
CA-2013-139689,Unnamed: 9,level_0_Standard Class,40.896
CA-2013-140928,Unnamed: 9,level_0_Standard Class,383.438
CA-2013-142097,Unnamed: 9,level_0_Standard Class,342.76
CA-2013-145709,Unnamed: 9,level_0_Standard Class,64.248
CA-2013-157763,Unnamed: 9,level_0_Standard Class,140.81
CA-2013-165316,Unnamed: 9,level_0_Standard Class,324.387
CA-2013-165827,Unnamed: 9,level_0_Standard Class,50.496
CA-2013-166380,Unnamed: 9,level_0_Standard Class,138.53
CA-2014-104318,Unnamed: 9,level_0_Standard Class,20.768
CA-2014-107167,Unnamed: 9,level_0_Standard Class,1347.52
CA-2014-108322,Unnamed: 9,level_0_Standard Class,26.056
CA-2014-110310,Unnamed: 9,level_0_Standard Class,68.967
CA-2014-119284,Unnamed: 9,level_0_Standard Class,2942.784
CA-2014-125745,Unnamed: 9,level_0_Standard Class,19.52
CA-2014-126046,Unnamed: 9,level_0_Standard Class,12.39
CA-2014-126382,Unnamed: 9,level_0_Standard Class,35.168
CA-2014-127803,Unnamed: 9,level_0_Standard Class,26.16
CA-2014-128769,Unnamed: 9,level_0_Standard Class,81.568
CA-2014-136826,Unnamed: 9,level_0_Standard Class,14.016
CA-2014-139619,Unnamed: 9,level_0_Standard Class,95.616
CA-2014-141614,Unnamed: 9,level_0_Standard Class,20.736
CA-2014-147333,Unnamed: 9,level_0_Standard Class,204.55
CA-2014-147361,Unnamed: 9,level_0_Standard Class,685.26
CA-2014-148810,Unnamed: 9,level_0_Standard Class,287.424
CA-2014-151855,Unnamed: 9,level_0_Standard Class,39.252
CA-2014-154816,Unnamed: 9,level_0_Standard Class,5.78
CA-2014-155824,Unnamed: 9,level_0_Standard Class,61.876
CA-2014-156272,Unnamed: 9,level_0_Standard Class,64.384
CA-2014-157854,Unnamed: 9,level_0_Standard Class,2747.25
CA-2014-158407,Unnamed: 9,level_0_Standard Class,103.968
CA-2014-159100,Unnamed: 9,level_0_Standard Class,1893.786
CA-2014-160017,Unnamed: 9,level_0_Standard Class,10.368
CA-2014-160724,Unnamed: 9,level_0_Standard Class,34.5
CA-2014-161130,Unnamed: 9,level_0_Standard Class,361.376
CA-2014-161592,Unnamed: 9,level_0_Standard Class,8.1
CA-2014-163629,Unnamed: 9,level_0_Standard Class,286.09
CA-2014-164756,Unnamed: 9,level_0_Standard Class,997.83
CA-2014-164917,Unnamed: 9,level_0_Standard Class,47.96
CA-2014-165029,Unnamed: 9,level_0_Standard Class,12.84
CA-2014-168102,Unnamed: 9,level_0_Standard Class,113.568
CA-2014-168389,Unnamed: 9,level_0_Standard Class,873.811
CA-2014-169012,Unnamed: 9,level_0_Standard Class,41.91
US-2011-107405,Unnamed: 9,level_0_Standard Class,16.272
US-2011-109162,Unnamed: 9,level_0_Standard Class,170.352
US-2011-118997,Unnamed: 9,level_0_Standard Class,1215.92
US-2011-143581,Unnamed: 9,level_0_Standard Class,344.91
US-2011-147774,Unnamed: 9,level_0_Standard Class,67.194
US-2011-156216,Unnamed: 9,level_0_Standard Class,18.648
US-2011-157231,Unnamed: 9,level_0_Standard Class,115.36
US-2011-164763,Unnamed: 9,level_0_Standard Class,103.5
US-2012-112508,Unnamed: 9,level_0_Standard Class,6.992
US-2012-136476,Unnamed: 9,level_0_Standard Class,157.794
US-2012-148817,Unnamed: 9,level_0_Standard Class,125.64
US-2012-158911,Unnamed: 9,level_0_Standard Class,16.712
US-2013-102232,Unnamed: 9,level_0_Standard Class,197.05
US-2013-144393,Unnamed: 9,level_0_Standard Class,17.616
US-2013-148901,Unnamed: 9,level_0_Standard Class,191.018
US-2013-150357,Unnamed: 9,level_0_Standard Class,24.703
US-2013-150567,Unnamed: 9,level_0_Standard Class,29.97
US-2013-159415,Unnamed: 9,level_0_Standard Class,79.12
US-2013-164630,Unnamed: 9,level_0_Standard Class,959.968
US-2014-115252,Unnamed: 9,level_0_Standard Class,30.336
US-2014-126060,Unnamed: 9,level_0_Standard Class,198.272
US-2014-128118,Unnamed: 9,level_0_Standard Class,76.521
US-2014-135503,Unnamed: 9,level_0_Standard Class,14.76
US-2014-166611,Unnamed: 9,level_0_Standard Class,68.742
Grand Total,Unnamed: 9,level_0_Standard Class,55942.7865
CA-2011-100916,Corporate Total,Unnamed: 10_level_1,788.86
CA-2011-101560,Corporate Total,Unnamed: 10_level_1,542.34
CA-2011-101770,Corporate Total,Unnamed: 10_level_1,1.869
CA-2011-102274,Corporate Total,Unnamed: 10_level_1,865.5
CA-2011-102673,Corporate Total,Unnamed: 10_level_1,1044.44
CA-2011-102988,Corporate Total,Unnamed: 10_level_1,4251.92
CA-2011-103317,Corporate Total,Unnamed: 10_level_1,242.546
CA-2011-103807,Corporate Total,Unnamed: 10_level_1,21.19
CA-2011-103989,Corporate Total,Unnamed: 10_level_1,590.762
CA-2011-106054,Corporate Total,Unnamed: 10_level_1,12.78
CA-2011-106810,Corporate Total,Unnamed: 10_level_1,310.88
CA-2011-107811,Corporate Total,Unnamed: 10_level_1,661.504
CA-2011-110408,Corporate Total,Unnamed: 10_level_1,2216.8
CA-2011-111500,Corporate Total,Unnamed: 10_level_1,484.79
CA-2011-111934,Corporate Total,Unnamed: 10_level_1,47.32
CA-2011-112718,Corporate Total,Unnamed: 10_level_1,1.167
CA-2011-114314,Corporate Total,Unnamed: 10_level_1,16.23
CA-2011-114321,Corporate Total,Unnamed: 10_level_1,1417.35
CA-2011-114790,Corporate Total,Unnamed: 10_level_1,782.63
CA-2011-115084,Corporate Total,Unnamed: 10_level_1,605.34
CA-2011-117345,Corporate Total,Unnamed: 10_level_1,202.896
CA-2011-117639,Corporate Total,Unnamed: 10_level_1,3333.9
CA-2011-120432,Corporate Total,Unnamed: 10_level_1,25.5
CA-2011-121286,Corporate Total,Unnamed: 10_level_1,66.616
CA-2011-124688,Corporate Total,Unnamed: 10_level_1,1812.01
CA-2011-125136,Corporate Total,Unnamed: 10_level_1,106.944
CA-2011-125682,Corporate Total,Unnamed: 10_level_1,9.96
CA-2011-128846,Corporate Total,Unnamed: 10_level_1,752.92
CA-2011-129091,Corporate Total,Unnamed: 10_level_1,1022.61
CA-2011-129819,Corporate Total,Unnamed: 10_level_1,12.39
CA-2011-131905,Corporate Total,Unnamed: 10_level_1,321.56
CA-2011-136336,Corporate Total,Unnamed: 10_level_1,828.84
CA-2011-137911,Corporate Total,Unnamed: 10_level_1,88.768
CA-2011-138527,Corporate Total,Unnamed: 10_level_1,192.424
CA-2011-146885,Corporate Total,Unnamed: 10_level_1,13.62
CA-2011-148425,Corporate Total,Unnamed: 10_level_1,6.642
CA-2011-149020,Corporate Total,Unnamed: 10_level_1,54.83
CA-2011-149538,Corporate Total,Unnamed: 10_level_1,364.93
CA-2011-151953,Corporate Total,Unnamed: 10_level_1,2.816
CA-2011-151967,Corporate Total,Unnamed: 10_level_1,129.92
CA-2011-152562,Corporate Total,Unnamed: 10_level_1,75.16
CA-2011-152849,Corporate Total,Unnamed: 10_level_1,4.368
CA-2011-153087,Corporate Total,Unnamed: 10_level_1,521.92
CA-2011-153913,Corporate Total,Unnamed: 10_level_1,1015.816
CA-2011-155208,Corporate Total,Unnamed: 10_level_1,39.072
CA-2011-158771,Corporate Total,Unnamed: 10_level_1,158.71
CA-2011-160276,Corporate Total,Unnamed: 10_level_1,177.68
CA-2011-160773,Corporate Total,Unnamed: 10_level_1,581.104
CA-2011-162775,Corporate Total,Unnamed: 10_level_1,1287.26
CA-2011-163223,Corporate Total,Unnamed: 10_level_1,3769.56
CA-2011-163293,Corporate Total,Unnamed: 10_level_1,116.85
CA-2011-164910,Corporate Total,Unnamed: 10_level_1,7.872
CA-2011-167850,Corporate Total,Unnamed: 10_level_1,193.936
CA-2011-169684,Corporate Total,Unnamed: 10_level_1,426.942
CA-2012-103793,Corporate Total,Unnamed: 10_level_1,74.352
CA-2012-103870,Corporate Total,Unnamed: 10_level_1,284.44
CA-2012-104038,Corporate Total,Unnamed: 10_level_1,176.63
CA-2012-104241,Corporate Total,Unnamed: 10_level_1,192.22
CA-2012-104941,Corporate Total,Unnamed: 10_level_1,976.29
CA-2012-105571,Corporate Total,Unnamed: 10_level_1,1361.631
CA-2012-106187,Corporate Total,Unnamed: 10_level_1,268.4
CA-2012-108259,Corporate Total,Unnamed: 10_level_1,81.135
CA-2012-109470,Corporate Total,Unnamed: 10_level_1,596.48
CA-2012-109708,Corporate Total,Unnamed: 10_level_1,467.04
CA-2012-113628,Corporate Total,Unnamed: 10_level_1,792.508
CA-2012-116750,Corporate Total,Unnamed: 10_level_1,12.158
CA-2012-119592,Corporate Total,Unnamed: 10_level_1,3.76
CA-2012-120845,Corporate Total,Unnamed: 10_level_1,22.549
CA-2012-121552,Corporate Total,Unnamed: 10_level_1,19.56
CA-2012-121720,Corporate Total,Unnamed: 10_level_1,3165.744
CA-2012-122168,Corporate Total,Unnamed: 10_level_1,53.28
CA-2012-125066,Corporate Total,Unnamed: 10_level_1,62.46
CA-2012-128083,Corporate Total,Unnamed: 10_level_1,45.976
CA-2012-131422,Corporate Total,Unnamed: 10_level_1,207.0
CA-2012-133396,Corporate Total,Unnamed: 10_level_1,64.68
CA-2012-137106,Corporate Total,Unnamed: 10_level_1,79.96
CA-2012-137281,Corporate Total,Unnamed: 10_level_1,6.48
CA-2012-140718,Corporate Total,Unnamed: 10_level_1,246.364
CA-2012-142202,Corporate Total,Unnamed: 10_level_1,717.12
CA-2012-147011,Corporate Total,Unnamed: 10_level_1,13.632
CA-2012-147102,Corporate Total,Unnamed: 10_level_1,66.36
CA-2012-147529,Corporate Total,Unnamed: 10_level_1,324.11
CA-2012-149342,Corporate Total,Unnamed: 10_level_1,896.31
CA-2012-149734,Corporate Total,Unnamed: 10_level_1,200.984
CA-2012-150308,Corporate Total,Unnamed: 10_level_1,246.168
CA-2012-151624,Corporate Total,Unnamed: 10_level_1,21.36
CA-2012-153038,Corporate Total,Unnamed: 10_level_1,94.688
CA-2012-154291,Corporate Total,Unnamed: 10_level_1,457.04
CA-2012-154746,Corporate Total,Unnamed: 10_level_1,860.07
CA-2012-154921,Corporate Total,Unnamed: 10_level_1,186.69
CA-2012-155453,Corporate Total,Unnamed: 10_level_1,4.608
CA-2012-156734,Corporate Total,Unnamed: 10_level_1,670.001
CA-2012-158323,Corporate Total,Unnamed: 10_level_1,17.088
CA-2012-160696,Corporate Total,Unnamed: 10_level_1,7.24
CA-2012-161445,Corporate Total,Unnamed: 10_level_1,140.736
CA-2012-161998,Corporate Total,Unnamed: 10_level_1,277.632
CA-2012-162201,Corporate Total,Unnamed: 10_level_1,937.608
CA-2012-163237,Corporate Total,Unnamed: 10_level_1,520.03
CA-2012-164427,Corporate Total,Unnamed: 10_level_1,239.7
CA-2012-166604,Corporate Total,Unnamed: 10_level_1,17.94
CA-2012-166975,Corporate Total,Unnamed: 10_level_1,692.472
CA-2012-168004,Corporate Total,Unnamed: 10_level_1,392.94
CA-2012-169572,Corporate Total,Unnamed: 10_level_1,46.62
CA-2012-169677,Corporate Total,Unnamed: 10_level_1,9.82
CA-2013-106558,Corporate Total,Unnamed: 10_level_1,316.0
CA-2013-109407,Corporate Total,Unnamed: 10_level_1,31.36
CA-2013-109743,Corporate Total,Unnamed: 10_level_1,104.712
CA-2013-109911,Corporate Total,Unnamed: 10_level_1,10.96
CA-2013-112277,Corporate Total,Unnamed: 10_level_1,519.68
CA-2013-112676,Corporate Total,Unnamed: 10_level_1,14.352
CA-2013-112697,Corporate Total,Unnamed: 10_level_1,1410.066
CA-2013-113236,Corporate Total,Unnamed: 10_level_1,232.624
CA-2013-113831,Corporate Total,Unnamed: 10_level_1,4317.3
CA-2013-113845,Corporate Total,Unnamed: 10_level_1,574.056
CA-2013-114713,Corporate Total,Unnamed: 10_level_1,45.584
CA-2013-115504,Corporate Total,Unnamed: 10_level_1,12.96
CA-2013-116764,Corporate Total,Unnamed: 10_level_1,9.216
CA-2013-118073,Corporate Total,Unnamed: 10_level_1,562.2925
CA-2013-118178,Corporate Total,Unnamed: 10_level_1,31.086
CA-2013-119074,Corporate Total,Unnamed: 10_level_1,92.7
CA-2013-122518,Corporate Total,Unnamed: 10_level_1,10.08
CA-2013-123617,Corporate Total,Unnamed: 10_level_1,7.434
CA-2013-123946,Corporate Total,Unnamed: 10_level_1,1159.06
CA-2013-124254,Corporate Total,Unnamed: 10_level_1,191.808
CA-2013-125017,Corporate Total,Unnamed: 10_level_1,132.224
CA-2013-127208,Corporate Total,Unnamed: 10_level_1,224.9
CA-2013-130001,Corporate Total,Unnamed: 10_level_1,36.24
CA-2013-130820,Corporate Total,Unnamed: 10_level_1,630.024
CA-2013-133711,Corporate Total,Unnamed: 10_level_1,3236.41
CA-2013-134474,Corporate Total,Unnamed: 10_level_1,255.904
CA-2013-134516,Corporate Total,Unnamed: 10_level_1,115.48
CA-2013-138695,Corporate Total,Unnamed: 10_level_1,452.464
CA-2013-139689,Corporate Total,Unnamed: 10_level_1,40.896
CA-2013-140928,Corporate Total,Unnamed: 10_level_1,383.438
CA-2013-142097,Corporate Total,Unnamed: 10_level_1,342.76
CA-2013-143805,Corporate Total,Unnamed: 10_level_1,2145.25
CA-2013-145709,Corporate Total,Unnamed: 10_level_1,64.248
CA-2013-153318,Corporate Total,Unnamed: 10_level_1,783.96
CA-2013-157161,Corporate Total,Unnamed: 10_level_1,199.18
CA-2013-157763,Corporate Total,Unnamed: 10_level_1,140.81
CA-2013-160598,Corporate Total,Unnamed: 10_level_1,31.008
CA-2013-162236,Corporate Total,Unnamed: 10_level_1,1106.924
CA-2013-162747,Corporate Total,Unnamed: 10_level_1,86.45
CA-2013-162901,Corporate Total,Unnamed: 10_level_1,31.4
CA-2013-163167,Corporate Total,Unnamed: 10_level_1,2673.69
CA-2013-165316,Corporate Total,Unnamed: 10_level_1,324.387
CA-2013-165827,Corporate Total,Unnamed: 10_level_1,50.496
CA-2013-166380,Corporate Total,Unnamed: 10_level_1,138.53
CA-2014-103009,Corporate Total,Unnamed: 10_level_1,26.4
CA-2014-104318,Corporate Total,Unnamed: 10_level_1,20.768
CA-2014-104864,Corporate Total,Unnamed: 10_level_1,552.856
CA-2014-107167,Corporate Total,Unnamed: 10_level_1,1347.52
CA-2014-108322,Corporate Total,Unnamed: 10_level_1,26.056
CA-2014-110310,Corporate Total,Unnamed: 10_level_1,68.967
CA-2014-113481,Corporate Total,Unnamed: 10_level_1,740.214
CA-2014-115070,Corporate Total,Unnamed: 10_level_1,16.739
CA-2014-115882,Corporate Total,Unnamed: 10_level_1,1017.136
CA-2014-116113,Corporate Total,Unnamed: 10_level_1,10.16
CA-2014-117695,Corporate Total,Unnamed: 10_level_1,13.76
CA-2014-119284,Corporate Total,Unnamed: 10_level_1,2942.784
CA-2014-122693,Corporate Total,Unnamed: 10_level_1,1245.86
CA-2014-122707,Corporate Total,Unnamed: 10_level_1,503.22
CA-2014-123687,Corporate Total,Unnamed: 10_level_1,234.2
CA-2014-124828,Corporate Total,Unnamed: 10_level_1,9.552
CA-2014-125745,Corporate Total,Unnamed: 10_level_1,19.52
CA-2014-126046,Corporate Total,Unnamed: 10_level_1,12.39
CA-2014-126382,Corporate Total,Unnamed: 10_level_1,35.168
CA-2014-127803,Corporate Total,Unnamed: 10_level_1,26.16
CA-2014-128300,Corporate Total,Unnamed: 10_level_1,406.94
CA-2014-128769,Corporate Total,Unnamed: 10_level_1,81.568
CA-2014-129028,Corporate Total,Unnamed: 10_level_1,127.95
CA-2014-133263,Corporate Total,Unnamed: 10_level_1,3098.61
CA-2014-134495,Corporate Total,Unnamed: 10_level_1,269.4
CA-2014-134649,Corporate Total,Unnamed: 10_level_1,22.63
CA-2014-134810,Corporate Total,Unnamed: 10_level_1,272.232
CA-2014-136826,Corporate Total,Unnamed: 10_level_1,14.016
CA-2014-139619,Corporate Total,Unnamed: 10_level_1,95.616
CA-2014-141614,Corporate Total,Unnamed: 10_level_1,20.736
CA-2014-143567,Corporate Total,Unnamed: 10_level_1,3291.07
CA-2014-145702,Corporate Total,Unnamed: 10_level_1,342.24
CA-2014-147333,Corporate Total,Unnamed: 10_level_1,204.55
CA-2014-147361,Corporate Total,Unnamed: 10_level_1,685.26
CA-2014-147760,Corporate Total,Unnamed: 10_level_1,1883.724
CA-2014-148810,Corporate Total,Unnamed: 10_level_1,287.424
CA-2014-151855,Corporate Total,Unnamed: 10_level_1,39.252
CA-2014-153339,Corporate Total,Unnamed: 10_level_1,15.992
CA-2014-153654,Corporate Total,Unnamed: 10_level_1,19.008
CA-2014-154816,Corporate Total,Unnamed: 10_level_1,5.78
CA-2014-155698,Corporate Total,Unnamed: 10_level_1,668.54
CA-2014-155824,Corporate Total,Unnamed: 10_level_1,61.876
CA-2014-156272,Corporate Total,Unnamed: 10_level_1,64.384
CA-2014-157854,Corporate Total,Unnamed: 10_level_1,2747.25
CA-2014-158407,Corporate Total,Unnamed: 10_level_1,103.968
CA-2014-158561,Corporate Total,Unnamed: 10_level_1,1158.12
CA-2014-159100,Corporate Total,Unnamed: 10_level_1,1893.786
CA-2014-159464,Corporate Total,Unnamed: 10_level_1,524.85
CA-2014-160017,Corporate Total,Unnamed: 10_level_1,10.368
CA-2014-160724,Corporate Total,Unnamed: 10_level_1,34.5
CA-2014-161046,Corporate Total,Unnamed: 10_level_1,839.25
CA-2014-161130,Corporate Total,Unnamed: 10_level_1,361.376
CA-2014-161592,Corporate Total,Unnamed: 10_level_1,8.1
CA-2014-161851,Corporate Total,Unnamed: 10_level_1,15.57
CA-2014-163629,Corporate Total,Unnamed: 10_level_1,286.09
CA-2014-164756,Corporate Total,Unnamed: 10_level_1,997.83
CA-2014-164917,Corporate Total,Unnamed: 10_level_1,47.96
CA-2014-165029,Corporate Total,Unnamed: 10_level_1,12.84
CA-2014-168102,Corporate Total,Unnamed: 10_level_1,113.568
CA-2014-168389,Corporate Total,Unnamed: 10_level_1,873.811
CA-2014-169012,Corporate Total,Unnamed: 10_level_1,41.91
US-2011-107405,Corporate Total,Unnamed: 10_level_1,16.272
US-2011-109162,Corporate Total,Unnamed: 10_level_1,170.352
US-2011-118997,Corporate Total,Unnamed: 10_level_1,1215.92
US-2011-143581,Corporate Total,Unnamed: 10_level_1,344.91
US-2011-147774,Corporate Total,Unnamed: 10_level_1,67.194
US-2011-156216,Corporate Total,Unnamed: 10_level_1,18.648
US-2011-157231,Corporate Total,Unnamed: 10_level_1,115.36
US-2011-164763,Corporate Total,Unnamed: 10_level_1,103.5
US-2012-112508,Corporate Total,Unnamed: 10_level_1,6.992
US-2012-130519,Corporate Total,Unnamed: 10_level_1,111.904
US-2012-131842,Corporate Total,Unnamed: 10_level_1,97.424
US-2012-136476,Corporate Total,Unnamed: 10_level_1,157.794
US-2012-140851,Corporate Total,Unnamed: 10_level_1,38.88
US-2012-148817,Corporate Total,Unnamed: 10_level_1,125.64
US-2012-149629,Corporate Total,Unnamed: 10_level_1,231.92
US-2012-158911,Corporate Total,Unnamed: 10_level_1,16.712
US-2013-101616,Corporate Total,Unnamed: 10_level_1,87.28
US-2013-102232,Corporate Total,Unnamed: 10_level_1,197.05
US-2013-138408,Corporate Total,Unnamed: 10_level_1,1319.96
US-2013-140809,Corporate Total,Unnamed: 10_level_1,56.45
US-2013-144393,Corporate Total,Unnamed: 10_level_1,17.616
US-2013-148901,Corporate Total,Unnamed: 10_level_1,191.018
US-2013-150357,Corporate Total,Unnamed: 10_level_1,24.703
US-2013-150567,Corporate Total,Unnamed: 10_level_1,29.97
US-2013-153815,Corporate Total,Unnamed: 10_level_1,368.432
US-2013-159415,Corporate Total,Unnamed: 10_level_1,79.12
US-2013-161844,Corporate Total,Unnamed: 10_level_1,82.92
US-2013-164630,Corporate Total,Unnamed: 10_level_1,959.968
US-2014-109610,Corporate Total,Unnamed: 10_level_1,701.96
US-2014-115252,Corporate Total,Unnamed: 10_level_1,30.336
US-2014-126060,Corporate Total,Unnamed: 10_level_1,198.272
US-2014-128118,Corporate Total,Unnamed: 10_level_1,76.521
US-2014-128951,Corporate Total,Unnamed: 10_level_1,1065.84
US-2014-135503,Corporate Total,Unnamed: 10_level_1,14.76
US-2014-162208,Corporate Total,Unnamed: 10_level_1,2.896
US-2014-162670,Corporate Total,Unnamed: 10_level_1,1152.87
US-2014-166611,Corporate Total,Unnamed: 10_level_1,68.742
US-2014-168116,Corporate Total,Unnamed: 10_level_1,8167.42
Grand Total,Corporate Total,Unnamed: 10_level_1,121885.9325
CA-2011-132010,Home Office,First Class,389.74
CA-2011-136567,Home Office,First Class,2884.37
CA-2011-140165,Home Office,First Class,405.456
CA-2013-149454,Home Office,First Class,10.44
CA-2013-159142,Home Office,First Class,177.78
CA-2013-162159,Home Office,First Class,121.78
CA-2014-121419,Home Office,First Class,771.8
CA-2014-132213,Home Office,First Class,109.968
CA-2014-144456,Home Office,First Class,220.056
CA-2014-155292,Home Office,First Class,204.98
US-2013-158309,Home Office,First Class,3.744
US-2014-162558,Home Office,First Class,2437.672
Grand Total,Home Office,First Class,7737.786
CA-2011-165806,Unnamed: 12,level_0_Same Day,259.29
CA-2012-100769,Unnamed: 12,level_0_Same Day,255.968
CA-2013-136126,Unnamed: 12,level_0_Same Day,261.1
CA-2014-133095,Unnamed: 12,level_0_Same Day,117.62
CA-2014-149146,Unnamed: 12,level_0_Same Day,7.968
US-2013-108504,Unnamed: 12,level_0_Same Day,2075.51
Grand Total,Unnamed: 12,level_0_Same Day,2977.456
CA-2011-157609,Unnamed: 13,level_0_Second Class,471.92
CA-2011-158274,Unnamed: 13,level_0_Second Class,682.91
CA-2012-115847,Unnamed: 13,level_0_Second Class,61.96
CA-2012-133977,Unnamed: 13,level_0_Second Class,3.444
CA-2012-134992,Unnamed: 13,level_0_Second Class,80.38
CA-2012-140830,Unnamed: 13,level_0_Second Class,89.36
CA-2012-153549,Unnamed: 13,level_0_Second Class,1166.92
CA-2013-109344,Unnamed: 13,level_0_Second Class,1127.976
CA-2013-127985,Unnamed: 13,level_0_Second Class,7.04
CA-2013-140977,Unnamed: 13,level_0_Second Class,91.475
CA-2013-149111,Unnamed: 13,level_0_Second Class,55.416
CA-2013-164350,Unnamed: 13,level_0_Second Class,67.56
CA-2014-114055,Unnamed: 13,level_0_Second Class,819.28
CA-2014-141446,Unnamed: 13,level_0_Second Class,18.0
CA-2014-142671,Unnamed: 13,level_0_Second Class,11.52
CA-2014-148922,Unnamed: 13,level_0_Second Class,684.78
CA-2014-157931,Unnamed: 13,level_0_Second Class,830.24
CA-2014-160899,Unnamed: 13,level_0_Second Class,477.51
US-2012-113327,Unnamed: 13,level_0_Second Class,352.168
US-2013-135209,Unnamed: 13,level_0_Second Class,62.752
US-2013-168620,Unnamed: 13,level_0_Second Class,823.61
US-2014-148768,Unnamed: 13,level_0_Second Class,71.976
US-2014-159205,Unnamed: 13,level_0_Second Class,732.93
Grand Total,Unnamed: 13,level_0_Second Class,8791.127
CA-2011-100293,Unnamed: 14,level_0_Standard Class,91.056
CA-2011-108707,Unnamed: 14,level_0_Standard Class,10.368
CA-2011-120670,Unnamed: 14,level_0_Standard Class,799.92
CA-2011-122217,Unnamed: 14,level_0_Standard Class,111.15
CA-2011-133634,Unnamed: 14,level_0_Standard Class,47.79
CA-2011-134621,Unnamed: 14,level_0_Standard Class,18.24
CA-2011-145317,Unnamed: 14,level_0_Standard Class,23661.228
CA-2011-148285,Unnamed: 14,level_0_Standard Class,22.32
CA-2011-156244,Unnamed: 14,level_0_Standard Class,457.744
CA-2011-167199,Unnamed: 14,level_0_Standard Class,4374.88
CA-2012-102260,Unnamed: 14,level_0_Standard Class,763.508
CA-2012-103135,Unnamed: 14,level_0_Standard Class,525.95
CA-2012-103772,Unnamed: 14,level_0_Standard Class,260.31
CA-2012-110947,Unnamed: 14,level_0_Standard Class,113.1
CA-2012-115091,Unnamed: 14,level_0_Standard Class,75.04
CA-2012-125696,Unnamed: 14,level_0_Standard Class,7.38
CA-2012-128958,Unnamed: 14,level_0_Standard Class,13.12
CA-2012-135510,Unnamed: 14,level_0_Standard Class,67.96
CA-2012-141754,Unnamed: 14,level_0_Standard Class,11.696
CA-2012-145324,Unnamed: 14,level_0_Standard Class,39.96
CA-2012-160059,Unnamed: 14,level_0_Standard Class,6.24
CA-2012-163923,Unnamed: 14,level_0_Standard Class,151.96
CA-2013-100307,Unnamed: 14,level_0_Standard Class,19.44
CA-2013-105662,Unnamed: 14,level_0_Standard Class,270.728
CA-2013-105753,Unnamed: 14,level_0_Standard Class,61.1
CA-2013-110254,Unnamed: 14,level_0_Standard Class,158.81
CA-2013-118934,Unnamed: 14,level_0_Standard Class,16.218
CA-2013-121020,Unnamed: 14,level_0_Standard Class,239.976
CA-2013-123414,Unnamed: 14,level_0_Standard Class,37.264
CA-2013-123533,Unnamed: 14,level_0_Standard Class,392.832
CA-2013-131968,Unnamed: 14,level_0_Standard Class,681.432
CA-2013-134789,Unnamed: 14,level_0_Standard Class,215.84
CA-2013-136322,Unnamed: 14,level_0_Standard Class,74.32
CA-2013-139269,Unnamed: 14,level_0_Standard Class,1311.97
CA-2013-140571,Unnamed: 14,level_0_Standard Class,365.44
CA-2013-146171,Unnamed: 14,level_0_Standard Class,558.24
CA-2013-151155,Unnamed: 14,level_0_Standard Class,34.34
CA-2013-154403,Unnamed: 14,level_0_Standard Class,4.98
CA-2013-155439,Unnamed: 14,level_0_Standard Class,25.92
CA-2013-159212,Unnamed: 14,level_0_Standard Class,273.59
CA-2013-159891,Unnamed: 14,level_0_Standard Class,1396.35
CA-2013-165470,Unnamed: 14,level_0_Standard Class,5.08
CA-2013-169026,Unnamed: 14,level_0_Standard Class,23.34
CA-2014-100412,Unnamed: 14,level_0_Standard Class,141.96
CA-2014-102554,Unnamed: 14,level_0_Standard Class,3.76
CA-2014-110212,Unnamed: 14,level_0_Standard Class,48.9
CA-2014-113558,Unnamed: 14,level_0_Standard Class,729.648
CA-2014-120705,Unnamed: 14,level_0_Standard Class,147.184
CA-2014-124597,Unnamed: 14,level_0_Standard Class,32.088
CA-2014-124898,Unnamed: 14,level_0_Standard Class,184.66
CA-2014-125752,Unnamed: 14,level_0_Standard Class,41.424
CA-2014-127516,Unnamed: 14,level_0_Standard Class,64.784
CA-2014-128475,Unnamed: 14,level_0_Standard Class,71.98
CA-2014-129490,Unnamed: 14,level_0_Standard Class,419.136
CA-2014-129910,Unnamed: 14,level_0_Standard Class,59.76
CA-2014-134096,Unnamed: 14,level_0_Standard Class,399.53
CA-2014-139787,Unnamed: 14,level_0_Standard Class,35.4
CA-2014-146535,Unnamed: 14,level_0_Standard Class,1446.84
CA-2014-148166,Unnamed: 14,level_0_Standard Class,17.856
CA-2014-148404,Unnamed: 14,level_0_Standard Class,1027.21
CA-2014-148474,Unnamed: 14,level_0_Standard Class,544.14
CA-2014-150931,Unnamed: 14,level_0_Standard Class,33.74
CA-2014-151211,Unnamed: 14,level_0_Standard Class,201.09
CA-2014-154123,Unnamed: 14,level_0_Standard Class,27.58
CA-2014-155089,Unnamed: 14,level_0_Standard Class,45.66
CA-2014-159135,Unnamed: 14,level_0_Standard Class,4.3
CA-2014-159667,Unnamed: 14,level_0_Standard Class,691.144
CA-2014-160423,Unnamed: 14,level_0_Standard Class,383.992
CA-2014-161088,Unnamed: 14,level_0_Standard Class,29.84
CA-2014-162033,Unnamed: 14,level_0_Standard Class,57.01
CA-2014-165904,Unnamed: 14,level_0_Standard Class,235.44
US-2011-125521,Unnamed: 14,level_0_Standard Class,1139.92
US-2011-138835,Unnamed: 14,level_0_Standard Class,9.64
US-2011-155502,Unnamed: 14,level_0_Standard Class,944.61
US-2011-155817,Unnamed: 14,level_0_Standard Class,67.76
US-2013-108637,Unnamed: 14,level_0_Standard Class,334.2
US-2013-109260,Unnamed: 14,level_0_Standard Class,431.976
US-2013-123750,Unnamed: 14,level_0_Standard Class,895.06
US-2013-139262,Unnamed: 14,level_0_Standard Class,471.078
US-2013-146570,Unnamed: 14,level_0_Standard Class,612.14
US-2013-155404,Unnamed: 14,level_0_Standard Class,13.28
US-2014-100930,Unnamed: 14,level_0_Standard Class,1735.8505
US-2014-108315,Unnamed: 14,level_0_Standard Class,225.546
US-2014-114356,Unnamed: 14,level_0_Standard Class,35.96
US-2014-120390,Unnamed: 14,level_0_Standard Class,1633.188
US-2014-129224,Unnamed: 14,level_0_Standard Class,4.608
US-2014-132031,Unnamed: 14,level_0_Standard Class,513.496
US-2014-132297,Unnamed: 14,level_0_Standard Class,598.31
US-2014-132675,Unnamed: 14,level_0_Standard Class,148.16
US-2014-156083,Unnamed: 14,level_0_Standard Class,9.664
Grand Total,Unnamed: 14,level_0_Standard Class,54748.6325
CA-2011-100293,Home Office Total,Unnamed: 15_level_1,91.056
CA-2011-108707,Home Office Total,Unnamed: 15_level_1,10.368
CA-2011-120670,Home Office Total,Unnamed: 15_level_1,799.92
CA-2011-122217,Home Office Total,Unnamed: 15_level_1,111.15
CA-2011-132010,Home Office Total,Unnamed: 15_level_1,389.74
CA-2011-133634,Home Office Total,Unnamed: 15_level_1,47.79
CA-2011-134621,Home Office Total,Unnamed: 15_level_1,18.24
CA-2011-136567,Home Office Total,Unnamed: 15_level_1,2884.37
CA-2011-140165,Home Office Total,Unnamed: 15_level_1,405.456
CA-2011-145317,Home Office Total,Unnamed: 15_level_1,23661.228
CA-2011-148285,Home Office Total,Unnamed: 15_level_1,22.32
CA-2011-156244,Home Office Total,Unnamed: 15_level_1,457.744
CA-2011-157609,Home Office Total,Unnamed: 15_level_1,471.92
CA-2011-158274,Home Office Total,Unnamed: 15_level_1,682.91
CA-2011-165806,Home Office Total,Unnamed: 15_level_1,259.29
CA-2011-167199,Home Office Total,Unnamed: 15_level_1,4374.88
CA-2012-100769,Home Office Total,Unnamed: 15_level_1,255.968
CA-2012-102260,Home Office Total,Unnamed: 15_level_1,763.508
CA-2012-103135,Home Office Total,Unnamed: 15_level_1,525.95
CA-2012-103772,Home Office Total,Unnamed: 15_level_1,260.31
CA-2012-110947,Home Office Total,Unnamed: 15_level_1,113.1
CA-2012-115091,Home Office Total,Unnamed: 15_level_1,75.04
CA-2012-115847,Home Office Total,Unnamed: 15_level_1,61.96
CA-2012-125696,Home Office Total,Unnamed: 15_level_1,7.38
CA-2012-128958,Home Office Total,Unnamed: 15_level_1,13.12
CA-2012-133977,Home Office Total,Unnamed: 15_level_1,3.444
CA-2012-134992,Home Office Total,Unnamed: 15_level_1,80.38
CA-2012-135510,Home Office Total,Unnamed: 15_level_1,67.96
CA-2012-140830,Home Office Total,Unnamed: 15_level_1,89.36
CA-2012-141754,Home Office Total,Unnamed: 15_level_1,11.696
CA-2012-145324,Home Office Total,Unnamed: 15_level_1,39.96
CA-2012-153549,Home Office Total,Unnamed: 15_level_1,1166.92
CA-2012-160059,Home Office Total,Unnamed: 15_level_1,6.24
CA-2012-163923,Home Office Total,Unnamed: 15_level_1,151.96
CA-2013-100307,Home Office Total,Unnamed: 15_level_1,19.44
CA-2013-105662,Home Office Total,Unnamed: 15_level_1,270.728
CA-2013-105753,Home Office Total,Unnamed: 15_level_1,61.1
CA-2013-109344,Home Office Total,Unnamed: 15_level_1,1127.976
CA-2013-110254,Home Office Total,Unnamed: 15_level_1,158.81
CA-2013-118934,Home Office Total,Unnamed: 15_level_1,16.218
CA-2013-121020,Home Office Total,Unnamed: 15_level_1,239.976
CA-2013-123414,Home Office Total,Unnamed: 15_level_1,37.264
CA-2013-123533,Home Office Total,Unnamed: 15_level_1,392.832
CA-2013-127985,Home Office Total,Unnamed: 15_level_1,7.04
CA-2013-131968,Home Office Total,Unnamed: 15_level_1,681.432
CA-2013-134789,Home Office Total,Unnamed: 15_level_1,215.84
CA-2013-136126,Home Office Total,Unnamed: 15_level_1,261.1
CA-2013-136322,Home Office Total,Unnamed: 15_level_1,74.32
CA-2013-139269,Home Office Total,Unnamed: 15_level_1,1311.97
CA-2013-140571,Home Office Total,Unnamed: 15_level_1,365.44
CA-2013-140977,Home Office Total,Unnamed: 15_level_1,91.475
CA-2013-146171,Home Office Total,Unnamed: 15_level_1,558.24
CA-2013-149111,Home Office Total,Unnamed: 15_level_1,55.416
CA-2013-149454,Home Office Total,Unnamed: 15_level_1,10.44
CA-2013-151155,Home Office Total,Unnamed: 15_level_1,34.34
CA-2013-154403,Home Office Total,Unnamed: 15_level_1,4.98
CA-2013-155439,Home Office Total,Unnamed: 15_level_1,25.92
CA-2013-159142,Home Office Total,Unnamed: 15_level_1,177.78
CA-2013-159212,Home Office Total,Unnamed: 15_level_1,273.59
CA-2013-159891,Home Office Total,Unnamed: 15_level_1,1396.35
CA-2013-162159,Home Office Total,Unnamed: 15_level_1,121.78
CA-2013-164350,Home Office Total,Unnamed: 15_level_1,67.56
CA-2013-165470,Home Office Total,Unnamed: 15_level_1,5.08
CA-2013-169026,Home Office Total,Unnamed: 15_level_1,23.34
CA-2014-100412,Home Office Total,Unnamed: 15_level_1,141.96
CA-2014-102554,Home Office Total,Unnamed: 15_level_1,3.76
CA-2014-110212,Home Office Total,Unnamed: 15_level_1,48.9
CA-2014-113558,Home Office Total,Unnamed: 15_level_1,729.648
CA-2014-114055,Home Office Total,Unnamed: 15_level_1,819.28
CA-2014-120705,Home Office Total,Unnamed: 15_level_1,147.184
CA-2014-121419,Home Office Total,Unnamed: 15_level_1,771.8
CA-2014-124597,Home Office Total,Unnamed: 15_level_1,32.088
CA-2014-124898,Home Office Total,Unnamed: 15_level_1,184.66
CA-2014-125752,Home Office Total,Unnamed: 15_level_1,41.424
CA-2014-127516,Home Office Total,Unnamed: 15_level_1,64.784
CA-2014-128475,Home Office Total,Unnamed: 15_level_1,71.98
CA-2014-129490,Home Office Total,Unnamed: 15_level_1,419.136
CA-2014-129910,Home Office Total,Unnamed: 15_level_1,59.76
CA-2014-132213,Home Office Total,Unnamed: 15_level_1,109.968
CA-2014-133095,Home Office Total,Unnamed: 15_level_1,117.62
CA-2014-134096,Home Office Total,Unnamed: 15_level_1,399.53
CA-2014-139787,Home Office Total,Unnamed: 15_level_1,35.4
CA-2014-141446,Home Office Total,Unnamed: 15_level_1,18.0
CA-2014-142671,Home Office Total,Unnamed: 15_level_1,11.52
CA-2014-144456,Home Office Total,Unnamed: 15_level_1,220.056
CA-2014-146535,Home Office Total,Unnamed: 15_level_1,1446.84
CA-2014-148166,Home Office Total,Unnamed: 15_level_1,17.856
CA-2014-148404,Home Office Total,Unnamed: 15_level_1,1027.21
CA-2014-148474,Home Office Total,Unnamed: 15_level_1,544.14
CA-2014-148922,Home Office Total,Unnamed: 15_level_1,684.78
CA-2014-149146,Home Office Total,Unnamed: 15_level_1,7.968
CA-2014-150931,Home Office Total,Unnamed: 15_level_1,33.74
CA-2014-151211,Home Office Total,Unnamed: 15_level_1,201.09
CA-2014-154123,Home Office Total,Unnamed: 15_level_1,27.58
CA-2014-155089,Home Office Total,Unnamed: 15_level_1,45.66
CA-2014-155292,Home Office Total,Unnamed: 15_level_1,204.98
CA-2014-157931,Home Office Total,Unnamed: 15_level_1,830.24
CA-2014-159135,Home Office Total,Unnamed: 15_level_1,4.3
CA-2014-159667,Home Office Total,Unnamed: 15_level_1,691.144
CA-2014-160423,Home Office Total,Unnamed: 15_level_1,383.992
CA-2014-160899,Home Office Total,Unnamed: 15_level_1,477.51
CA-2014-161088,Home Office Total,Unnamed: 15_level_1,29.84
CA-2014-162033,Home Office Total,Unnamed: 15_level_1,57.01
CA-2014-165904,Home Office Total,Unnamed: 15_level_1,235.44
US-2011-125521,Home Office Total,Unnamed: 15_level_1,1139.92
US-2011-138835,Home Office Total,Unnamed: 15_level_1,9.64
US-2011-155502,Home Office Total,Unnamed: 15_level_1,944.61
US-2011-155817,Home Office Total,Unnamed: 15_level_1,67.76
US-2012-113327,Home Office Total,Unnamed: 15_level_1,352.168
US-2013-108504,Home Office Total,Unnamed: 15_level_1,2075.51
US-2013-108637,Home Office Total,Unnamed: 15_level_1,334.2
US-2013-109260,Home Office Total,Unnamed: 15_level_1,431.976
US-2013-123750,Home Office Total,Unnamed: 15_level_1,895.06
US-2013-135209,Home Office Total,Unnamed: 15_level_1,62.752
US-2013-139262,Home Office Total,Unnamed: 15_level_1,471.078
US-2013-146570,Home Office Total,Unnamed: 15_level_1,612.14
US-2013-155404,Home Office Total,Unnamed: 15_level_1,13.28
US-2013-158309,Home Office Total,Unnamed: 15_level_1,3.744
US-2013-168620,Home Office Total,Unnamed: 15_level_1,823.61
US-2014-100930,Home Office Total,Unnamed: 15_level_1,1735.8505
US-2014-108315,Home Office Total,Unnamed: 15_level_1,225.546
US-2014-114356,Home Office Total,Unnamed: 15_level_1,35.96
US-2014-120390,Home Office Total,Unnamed: 15_level_1,1633.188
US-2014-129224,Home Office Total,Unnamed: 15_level_1,4.608
US-2014-132031,Home Office Total,Unnamed: 15_level_1,513.496
US-2014-132297,Home Office Total,Unnamed: 15_level_1,598.31
US-2014-132675,Home Office Total,Unnamed: 15_level_1,148.16
US-2014-148768,Home Office Total,Unnamed: 15_level_1,71.976
US-2014-156083,Home Office Total,Unnamed: 15_level_1,9.664
US-2014-159205,Home Office Total,Unnamed: 15_level_1,732.93
US-2014-162558,Home Office Total,Unnamed: 15_level_1,2437.672
Grand Total,Home Office Total,Unnamed: 15_level_1,74255.0015
